"id"	"auteur"	"titre"	"tokens"
"097_AuInCaM_CapSpu"	"Auctor incertus (Carolus Magnus?)"	"Capitularia spuria"	123
"097_AuInCaM_TeEtDi"	"Auctor incertus (Carolus Magnus?)"	"Testamentum et diplomata"	3279
"097_BenDia_ColCap"	"Benedictus diaconus"	"Collectio capitularium"	118772
"097_CaMaLoI_Capitu4"	"Carolus Magnus; Lotharius I Germaniae; Ludovicus I Franciae"	"Capitularia"	69079
"097_CarMag_Capitu2"	"Carolus Magnus"	"Capitularia"	79118
"097_CarMag_Privil5"	"Carolus Magnus"	"Privilegia"	63214
"097_Eginha_ViCaMa"	"Eginhardus"	"Vita Caroli Magni"	16088
"097_LuIFrLo_Capitu3"	"Ludovicus I Franciae; Lotharius I Germaniae"	"Capitularia"	34061
"098_AdrI_Episto160"	"Adrianus I"	"Epistola"	25828
"098_AucInc_AnnVet"	"Auctor incertus"	"Annales veteres"	1356
"098_AucInc_Carmen4"	"Auctor incertus"	"Carmen"	4006
"098_AucInc_Epitap9"	"Auctor incertus"	"Epitaphium"	97
"098_AucInc_GeCaMa"	"Auctor incertus"	"Genealogia Caroli Magni"	363
"098_AucInc_InsCod2"	"Auctor incertus"	"Inscriptio codicis"	180
"098_AucInc_Liturg2"	"Auctores incerti"	"Liturgica"	5372
"098_AucInc_Versus3"	"Auctor incertus"	"Versus"	1452
"098_AucVar_ApAdEp3"	"Auctores varii"	"Appendix ad epistolas"	251
"098_AucVar_EpPoRo"	"Auctores varii"	"Epistolae pontificum Romanorum"	133545
"098_AucVar_TesVet4"	"Auctores varii"	"Testimonia veterum"	2072
"098_AuInCaM_SeDeFuB"	"Auctor incertus (Carolus Magnus?)"	"Sermo de fundatione basilicae"	1157
"098_CarMag_Carmin13"	"Carolus Magnus"	"Carmina"	1686
"098_CarMag_DeIma"	"Carolus Magnus"	"De imaginibus"	11671
"098_CarMag_DiDeIt"	"Carolus Magnus"	"Diplomata de Italia"	1487
"098_CarMag_Episto159"	"Carolus Magnus"	"Epistolae"	16748
"098_ConPar_Acta4"	"Conventus Parisiensis"	"Acta"	34033
"098_LeoIii_Episto157"	"Leo III"	"Epistolae"	8071
"098_LudPiu_Privil6"	"Ludovicus Pius"	"Privilegium"	1302
"098_MoSGa_DeGeBCa"	"Monachus S. Galli"	"De gestis B. Caroli Magni"	21271
"098_RudI_Episto158"	"Rudolfus I"	"Epistolae"	37253
"099_AltMon_AcSLu"	"Altfridus Monasteriensis"	"Acta S. Ludgeri"	11748
"099_AmFoTr_EpDeCaB"	"Amalarius Fortunatus Trevirensis"	"Epistola de caeremoniis baptismi"	6731
"099_AngCen_Carmin15"	"Angilbertus Centulensis"	"Carmina"	1087
"099_AngCen_DeReMoC"	"Angilbertus Centulensis"	"De restauratione monasterii Centulensis"	3071
"099_AngCen_Statut2"	"Angilbertus Centulensis"	"Statuta"	557
"099_AscTus_Episto162"	"Ascaricus; Tusaredus"	"Epistolae"	3462
"099_AucInc_ExExLiR"	"Auctor incertus"	"Excerptum ex litaniis rhythmicis"	182
"099_AucInc_PoThCuA"	"Auctor incertus"	"Poenitentiale Theodori cum aliis capitulis collatum"	2353
"099_AucInc_PoThCuT"	"Auctor incertus"	"Poenitentiale Theodori cum testimoniis collatum"	460
"099_AucVar_AppI5"	"Auctores varii"	"Appendix I"	2899
"099_AucVar_AppIi4"	"Auctores varii"	"Appendix II"	2694
"099_AucVar_CanSel"	"Auctores varii"	"Canones selecti"	29722
"099_AucVar_ChaWer"	"Auctores varii"	"Chartularium Werthinense"	15132
"099_AucVar_FrExCoC"	"Auctores varii"	"Fragmenta ex collectoribus canonum"	5945
"099_AucVar_FrExCoM"	"Auctores varii"	"Fragmenta ex codicibus manuscriptis"	378
"099_AucVar_TesVet5"	"Auctores varii"	"Testimonia veterum"	1219
"099_CoFoPaA_Acta5"	"Concilium Forojuliense; Paulinus Aquileiensis"	"Acta"	9171
"099_DagSan_Octode"	"Dagulfus Sandionysianus"	"Octodecastichon"	143
"099_FarSan_Carmin14"	"Fardulfus Sandionysianus"	"Carmina"	267
"099_JoDeDe_ExExPoJ"	"Joannes de Deo"	"Excerpta ex Poenitentiali Joannis de Deo"	11265
"099_JoDiAl_Versus4"	"Josephus discipulus Alcuini"	"Versus"	355
"099_LeiLug_DeSaBa"	"Leidradus Lugdunensis"	"De sacramento baptismi"	7959
"099_LeiLug_Episto161"	"Leidradus Lugdunensis"	"Epistolae"	7317
"099_LudMim_ViSGr2"	"Ludgerus Mimigardefordensis"	"Vita S. Gregorii"	8246
"099_PauAqu_CaDeReF"	"Paulinus Aquileiensis"	"Carmen de regula fidei"	155
"099_PauAqu_CoFeUr"	"Paulinus Aquileiensis"	"Contra Felicem Urgellitanum"	44518
"099_PauAqu_EpAdCaM"	"Paulinus Aquileiensis"	"Epistola ad Carolum Magnum"	1801
"099_PauAqu_EpAdHe"	"Paulinus Aquileiensis"	"Epistola ad Heistulfum"	1204
"099_PauAqu_ExSiDeS"	"Paulinus Aquileiensis"	"Exhortatio, sive De salutaribus documentis"	19388
"099_PauAqu_FraEpi2"	"Paulinus Aquileiensis"	"Fragmenta epistolarum"	1125
"099_PauAqu_HyEtRh"	"Paulinus Aquileiensis"	"Hymni et rhythmi"	2581
"099_PauAqu_SaCoEl"	"Paulinus Aquileiensis"	"Sacrosyllabus contra Elipandum"	5813
"099_PoeSax_AnDeGeC"	"Poeta Saxo"	"Annales de gestis Caroli Magni"	20359
"099_SimMur_EpiEnc"	"Simpertus Murbacensis"	"Epistola encyclica"	83
"099_SimMur_InAdEp"	"Simpertus Murbacensis"	"Indiculus ad episcopum"	33
"099_SimMur_RegSta"	"Simpertus Murbacensis"	"Regularia statuta"	3285
"099_TheCan_CaCoExF"	"Theodorus Cantuariensis"	"Capitula collecta ex fragmentis"	1165
"099_TheCan_CaObCoH"	"Theodorus Cantuariensis"	"Capitula oblata Concilio Herudfordiano"	488
"099_TheCan_FrExCa"	"Theodorus Cantuariensis"	"Fragmenta ex canonibus"	557
"099_TheCan_Poenit2"	"Theodorus Cantuariensis"	"Poenitentiale"	3313
"100_Alcuin_CoInAp2"	"Alcuinus"	"Commentaria in Apocalypsin"	34709
"100_Alcuin_CoSuEc"	"Alcuinus"	"Commentaria super Ecclesiasten"	28305
"100_Alcuin_Enchir"	"Alcuinus"	"Enchiridion"	33089
"100_Alcuin_Episto163"	"Alcuinus"	"Epistolae"	144164
"100_Alcuin_InCaCa"	"Alcuinus"	"In Cantica canticorum"	12515
"100_Alcuin_InEtReI"	"Alcuinus"	"Interrogationes et responsiones in Genesin"	25762
"100_Alcuin_InEvJo"	"Alcuinus"	"In Evangelium Joannis"	140003
"100_Alcuin_InNoHe2"	"Alcuinus"	"Interpretationes nominum Hebraicorum"	4177
"100_Alcuin_SuIiEpP"	"Alcuinus"	"Super III epistolas Pauli"	3899
"100_AucInc_VitAlc"	"Auctor incertus"	"Vita Alcuini"	9789
"100_AucVar_TesVet6"	"Auctores varii"	"Testimonia veterum"	6925
"101_AdsDer_DeAnt2"	"Adso Dervensis"	"De Antichristo"	3898
"101_Alcuin_AdHaFe"	"Alcuinus"	"Adversus haeresin Felicis"	16017
"101_Alcuin_Carmin16"	"Alcuinus"	"Carmina"	45017
"101_Alcuin_CoFeUr2"	"Alcuinus"	"Contra Felicem Urgellitanum"	54538
"101_Alcuin_ConEli"	"Alcuinus"	"Contra Elipandum"	18794
"101_Alcuin_ConFid5"	"Alcuinus"	"Confessio fidei"	36332
"101_Alcuin_DeCaBa"	"Alcuinus"	"De caeremoniis baptismi"	482
"101_Alcuin_DeCoPe"	"Alcuinus"	"De confessione peccatorum"	2328
"101_Alcuin_DeCuEtS"	"Alcuinus"	"De cursu et saltu lunae"	1071
"101_Alcuin_DeDia"	"Alcuinus"	"De dialectica"	12697
"101_Alcuin_DeDia2"	"Alcuinus"	"De dialectica"	1858
"101_Alcuin_DeFiSTr"	"Alcuinus"	"De fide S. Trinitatis"	25979
"101_Alcuin_DeGra2"	"Alcuinus"	"De grammaria"	28544
"101_Alcuin_DeInCh2"	"Alcuinus"	"De incarnatione Christi"	13826
"101_Alcuin_DeOrt3"	"Alcuinus"	"De orthographia"	9422
"101_Alcuin_DePrSpS"	"Alcuinus"	"De processione Spiritus Sancti"	9626
"101_Alcuin_DeRaAn"	"Alcuinus"	"De ratione animae"	5392
"101_Alcuin_DeRhEtV"	"Alcuinus"	"De rhetorica et virtutibus"	14638
"101_Alcuin_DeUsPs"	"Alcuinus"	"De usu Psalmorum"	21548
"101_Alcuin_DeViEtV"	"Alcuinus"	"De virtutibus et vitiis"	11575
"101_Alcuin_Episto165"	"Alcuinus"	"Epistola"	1516
"101_Alcuin_LibSac2"	"Alcuinus"	"Liber sacramentorum"	8753
"101_Alcuin_OfPeFe"	"Alcuinus"	"Officia per ferias"	49742
"101_Alcuin_ViBRi"	"Alcuinus"	"Vita B. Richardi"	4605
"101_Alcuin_ViSMaTu"	"Alcuinus"	"Vita S. Martini Turonensis"	2686
"101_Alcuin_ViSVe"	"Alcuinus"	"Vita S. Vedasti"	6852
"101_Alcuin_ViSWi"	"Alcuinus"	"Vita S. Willibrodi"	12518
"101_AmFoTr_VerMar"	"Amalarius Fortunatus Trevirensis"	"Versus Marini"	647
"101_AucVar_Dogmat"	"Auctores varii"	"Dogmatica"	22172
"101_AucVar_Histor2"	"Auctores varii"	"Historica"	13796
"101_AucVar_PreSac"	"Auctores varii"	"Preces sacrae"	20
"101_AugHip_Addita2"	"Augustinus Hipponensis"	"Additamentum"	409
"101_AuInAl_Carmin17"	"Auctor incertus (Alcuinus?)"	"Carmina"	1726
"101_AuInAl_DeDiOf"	"Auctor incertus (Alcuinus?)"	"De divinis officiis"	53907
"101_AuInAl_DisPue"	"Auctor incertus (Alcuinus?)"	"Disputatio puerorum"	21958
"101_AuInAl_DubAli"	"Auctor incertus (Alcuinus?)"	"Dubia alia"	2845
"101_AuInAl_Homili10"	"Auctor incertus (Alcuinus?)"	"Homiliae"	4817
"101_AuInAl_PrAdJuA"	"Auctor incertus (Alcuinus?)"	"Propositiones ad juvenes acuendos"	7547
"101_CaMaAnC_Episto166"	"Carolus Magnus; Angilbertus Centulensis"	"Epistolae"	2432
"102_AucVar_ChLuPiE"	"Auctores varii"	"Chartae Ludovici Pii et Lotharii"	1534
"102_JoaTri_VitSma"	"Joannes Trithemius"	"Vita Smaragdi"	144
"102_LeoIii_Episto167"	"Leo III"	"Epistolae"	12886
"102_LeoIii_Privil7"	"Leo III"	"Privilegia"	1563
"102_MagSen_LiDeMyB"	"Magnus Senonensis"	"Libellus de mysterio baptismatis"	1297
"102_MagSen_NotJur"	"Magnus Senonensis"	"Notae juris"	2374
"102_PasI_Episto168"	"Paschalis I"	"Epistolae"	2556
"102_RemCur_CaPrSuD"	"Remigius Curiensis"	"Canones pro sua dioecesi"	7351
"102_SmSMi_AcCoRo"	"Smaragdus S. Michaelis"	"Acta collationis Romanae"	2129
"102_SmSMi_CoInEpE"	"Smaragdus S. Michaelis"	"Collectiones in epistolas et evangelia"	269924
"102_SmSMi_DiaMon"	"Smaragdus S. Michaelis"	"Diadema monachorum"	47135
"102_SmSMi_Praefa120"	"Smaragdus S. Michaelis"	"Praefatio"	300
"102_SmSMi_SuInEpE"	"Smaragdus S. Michaelis"	"Summarium in epistolas et evangelia"	21821
"102_SmSMi_VerSma"	"Smaragdus S. Michaelis"	"Versus Smaragdi"	205
"102_SmSMi_ViaReg"	"Smaragdus S. Michaelis"	"Via regia"	18911
"103_AntAbb_ReAcPr"	"Antonius abbas"	"Regulae ac praecepta"	1441
"103_ArSiSm_Vita4"	"Ardo sive Smaragdus"	"Vita"	12992
"103_AthAle_DeObMo"	"Athanasius Alexandrinus"	"De observationibus monachorum"	2581
"103_AthAle_ExAdSpC2"	"Athanasius Alexandrinus"	"Exhortatio ad sponsam Christi"	6305
"103_AucInc_RegSec2"	"Auctor incertus"	"Regula secunda"	807
"103_AucInc_RegTer"	"Auctor incertus"	"Regula tertia"	775
"103_BasCae_AdAdFiS"	"Basilius Caesareae"	"Admonitio ad filium spiritualem"	6976
"103_BasCae_ReSBa"	"Basilius Caesareae"	"Regula S. Basilii"	31193
"103_BenAni_DeCoRe"	"Benedictus Anianensis"	"De concordia regularum"	130946
"103_BenAni_DeReg"	"Benedictus Anianensis"	"De regulis"	484
"103_BenAni_Episto169"	"Benedictus Anianensis"	"Epistolae"	705
"103_BenAni_ItePra"	"Benedictus Anianensis"	"Item praefatio"	475
"103_BenAni_Opuscu6"	"Benedictus Anianensis"	"Opuscula"	19408
"103_BenAni_Praefa125"	"Benedictus Anianensis"	"Praefatio"	371
"103_GenMas_Testim32"	"Gennadius Massiliensis"	"Testimonia"	111
"103_GriPre_Prolog7"	"Grimlaicus presbyter"	"Prologus"	1138
"103_GriPre_RegSol"	"Grimlaicus presbyter"	"Regula solitariorum"	41831
"103_IsaSyr_PrSeCo"	"Isaia Syriae"	"Praecepta seu consilia"	2608
"103_IsiHis_RegMon4"	"Isidorus Hispalensis"	"Regula monachorum"	7345
"103_MacNit_EpAdMo2"	"Macarius Nitriensis"	"Epistola ad monachos"	551
"103_MacNit_ReSMa"	"Macarius Nitriensis"	"Regula S. Macarii"	1214
"103_Orsies_DoAtTr"	"Orsiesius"	"Doctrina atque tractatus"	11549
"103_PauAqu_AdMoDeP"	"Paulinus Aquileiensis"	"Ad monachos de poenitentia"	363
"103_RufAqu_Praefa123"	"Rufinus Aquileiensis"	"Praefatio"	290
"103_SedSco_CoInOmB"	"Sedulius Scotus"	"Collectanea in omnes B. Pauli epistolas"	134121
"103_SedSco_DeReCh"	"Sedulius Scotus"	"De rectoribus Christianis"	16982
"103_SedSco_ExDeBrE"	"Sedulius Scotus"	"Explanatiuncula de breviariorum et capitulorum canonumque differentia"	685
"103_SedSco_ExInPrS"	"Sedulius Scotus"	"Explanationes in praefationes S. Hieronymi ad evangelia"	8328
"103_SedSco_Explan2"	"Sedulius Scotus"	"Explanatiuncula"	2306
"103_SedSco_Exposi"	"Sedulius Scotus"	"Expositiuncula"	2652
"103_SedSco_Exposi2"	"Sedulius Scotus"	"Expositiuncula"	185
"103_VigDia_RegOri"	"Vigilius diaconus"	"Regula orientalis"	2872
"104_AgLuAuV_EpDeJuS"	"Agobardus Lugdunensis; Auctores varii"	"Epistola de Judaicis superstitionibus"	8575
"104_AgoLug_Carmin18"	"Agobardus Lugdunensis"	"Carmina"	522
"104_AgoLug_ChAdLo"	"Agobardus Lugdunensis"	"Chartula ad Lotharium"	614
"104_AgoLug_CoEtSuD"	"Agobardus Lugdunensis"	"Consultatio et supplicatio de baptismo Judaicorum mancipiorum"	856
"104_AgoLug_CoObFrA"	"Agobardus Lugdunensis"	"Contra objectiones Fredigisi abbatis"	7169
"104_AgoLug_CoPrImD"	"Agobardus Lugdunensis"	"Contra praeceptum impium de baptismo Judaicorum mancipiorum"	1352
"104_AgoLug_DeCaCoE"	"Agobardus Lugdunensis"	"De cavendo convictu et societate Judaica"	1236
"104_AgoLug_DeCoReE"	"Agobardus Lugdunensis"	"De comparatione regiminis ecclesiastici et politici"	1212
"104_AgoLug_DeDeIn"	"Agobardus Lugdunensis"	"Deploratoria de injustiis"	846
"104_AgoLug_DeInJu"	"Agobardus Lugdunensis"	"De insolentia Judaeorum"	1613
"104_AgoLug_DeMoReE"	"Agobardus Lugdunensis"	"De modo regiminis ecclesiastici"	2948
"104_AgoLug_DePrEtJ"	"Agobardus Lugdunensis"	"De privilegio et jure sacerdotii"	6203
"104_AgoLug_EpAdBaD"	"Agobardus Lugdunensis"	"Epistola ad Bartholomeum de quorumdam inclusione signorum"	247
"104_AgoLug_EpAdEbD"	"Agobardus Lugdunensis"	"Epistola ad Ebbonem de spe et timore"	111
"104_AgoLug_FlEpDeD"	"Agobardus Lugdunensis"	"Flebilis epistola de divisione imperii"	1285
"104_AgoLug_LiAdDoF"	"Agobardus Lugdunensis"	"Liber adversum dogma Felicis Urgellensis"	16207
"104_AgoLug_LiAdLeG"	"Agobardus Lugdunensis"	"Liber adversus legem Gundobadi"	3802
"104_AgoLug_LiApPrF"	"Agobardus Lugdunensis"	"Liber apologeticus pro filiis Ludovici Pii"	3054
"104_AgoLug_LiCoAm"	"Agobardus Lugdunensis"	"Liber contra Amalarium"	5006
"104_AgoLug_LiCoJuD"	"Agobardus Lugdunensis"	"Liber contra judicium dei"	7253
"104_AgoLug_LiDeCoA"	"Agobardus Lugdunensis"	"Liber de correctione antiphonarii"	4145
"104_AgoLug_LiDeDiE"	"Agobardus Lugdunensis"	"Liber de dispensatione ecclesiasticarum rerum"	8402
"104_AgoLug_LiDeDiP"	"Agobardus Lugdunensis"	"Liber de divina psalmodia"	1117
"104_AgoLug_LiDeGrE"	"Agobardus Lugdunensis"	"Liber de grandine et tonitruis"	5382
"104_AgoLug_LiDeImS"	"Agobardus Lugdunensis"	"Liber de imaginibus sanctorum"	12541
"104_AgoLug_SeDeFiV"	"Agobardus Lugdunensis"	"Sermo de fidei veritate"	10575
"104_AucInc_VitLud"	"Auctor incertus"	"Vita Ludovici"	2406
"104_AuInEg_AnLaEtE"	"Auctor incertus; Eginhardus"	"Annales Laurissenses et Eginhardi"	38322
"104_ClaTau_BreChr"	"Claudius Taurinensis"	"Brevis chronica"	3403
"104_ClaTau_EnInEpA"	"Claudius Taurinensis"	"Enarratio in epistolam ad Galatas"	35042
"104_ClaTau_ExEpAdP"	"Claudius Taurinensis"	"Expositio epistolae ad Philemonem"	3274
"104_ClaTau_ExExCoE"	"Claudius Taurinensis"	"Excerpta ex Commentariis ejus in Epistolas Pauli"	658
"104_ClaTau_PrAdTh"	"Claudius Taurinensis"	"Praefatio ad Theodemirum"	1662
"104_ClaTau_Praefa128"	"Claudius Taurinensis"	"Praefatio"	11334
"104_ClaTau_PrInCaS"	"Claudius Taurinensis"	"Praefatio in Catenam super Matthaeum"	1248
"104_ClaTau_PrInCoA"	"Claudius Taurinensis"	"Praefatio In Commentarios ad Epistolas Pauli"	688
"104_ClaTau_PrInEpA"	"Claudius Taurinensis"	"Praefatio in epistolam ad Ephesios"	788
"104_Eginha_Charta6"	"Eginhardus"	"Chartae"	2388
"104_Eginha_Episto170"	"Eginhardus"	"Epistolae"	11848
"104_Eginha_HiTrMaE"	"Eginhardus"	"Historia translationis Marcellini et Petri"	25365
"104_Eginha_RhDePaM"	"Eginhardus"	"Rhythmus de passione Marcellini et Petri"	2755
"104_GreIv_EpAdEpR"	"Gregorius IV"	"Epistola ad episcopos regni Francorum"	198
"104_LudPiu_DipEcc2"	"Ludovicus Pius"	"Diplomata ecclesiastica"	128758
"104_LudPiu_Episto171"	"Ludovicus Pius"	"Epistolae"	913
"104_ThClTa_QuSuLiR3"	"Theutmirus; Claudius Taurinensis"	"Quaestiones super libros Regum"	83583
"105_AdaCor_StPrMoS"	"Adalhardus Corbeiensis"	"Statuta pro monachis suis"	6459
"105_AldSen_Episto174"	"Aldricus Senonensis"	"Epistolae"	1605
"105_AucInc_ApAdViS2"	"Auctor incertus"	"Appendix ad Vitam S. Eigilis"	1712
"105_AucInc_LibPoe2"	"Auctor incertus"	"Liber poenitentialis"	6817
"105_AucInc_ViSAl3"	"Auctor incertus"	"Vita S. Aldrici"	3371
"105_AucInc_ViSAn"	"Auctor incertus"	"Vita S. Ansegisi"	5508
"105_AucVar_LiDiRoP"	"Auctores varii"	"Liber diurnus Romanorum Pontificum"	26607
"105_AucVar_TeDeTh"	"Auctores varii"	"Testimonia de Theodulfo"	744
"105_BerCla_Carmin21"	"Bernowinus Claromontensis"	"Carmina"	816
"105_CanFul_ViSEi"	"Candidus Fuldensis"	"Vita S. Eigilis"	7625
"105_CanFul_VitMet"	"Candidus Fuldensis"	"Vita metrica"	6541
"105_ClaTau_Apolog2"	"Claudius Taurinensis"	"Apologeticum"	2094
"105_DunRec_Carmin22"	"Dungalus Reclusus"	"Carmina"	1167
"105_DunRec_EpDeDuS"	"Dungalus Reclusus"	"Epistola de duplici solis eclipsi anno 810"	4711
"105_DunRec_ReCoCl"	"Dungalus Reclusus"	"Responsa contra Claudium"	29617
"105_EigFul_ViSSt2"	"Eigil Fuldensis"	"Vita S. Sturmii"	8015
"105_ErmNig_DeReGeL"	"Ermoldus Nigellus"	"De rebus gestis Ludovici Pii"	20346
"105_ErmNig_Prolog8"	"Ermoldus Nigellus"	"Prologus"	248
"105_EugIi_Decret10"	"Eugenius II"	"Decreta"	351
"105_EugIi_Diplom6"	"Eugenius II"	"Diploma"	768
"105_EugIi_EpAdBeV"	"Eugenius II"	"Epistola ad Bernardum Viennensem"	302
"105_FrSMaTu_EpDeNiE"	"Fredegisus S. Martini Turonensis"	"Epistola de nihilo et tenebris"	1543
"105_HalCam_DeViEtV2"	"Halitgarius Cameracensis"	"De vitiis et virtutibus"	17335
"105_HalCam_LibPoe"	"Halitgarius Cameracensis"	"Liber poenitentialis"	6855
"105_HaSVeAt_Episto173"	"Haiminius S. Vedasti Atrebatensis"	"Epistolae"	743
"105_HaSVeAt_SeInNaS"	"Haiminius S. Vedasti Atrebatensis"	"Sermo in natali S. Vedasti"	980
"105_HetBas_Capitu10"	"Hetto Basileensis"	"Capitulare"	1942
"105_HetBas_DeViEtO"	"Hetto Basileensis"	"De visione et obitu Wetini"	3977
"105_Hilder_EpiMet2"	"Hildericus"	"Epistola metrica"	384
"105_JerSen_Episto172"	"Jeremias Senonensis"	"Epistolae"	258
"105_JesAmb_EpDeBa"	"Jesse Ambianensis"	"Epistola de baptismo"	6865
"105_LudPiu_DiCoHeB"	"Ludovicus Pius"	"Diploma concessum Hettoni Basileensi"	523
"105_PatCon_Praefa131"	"Patres concilii"	"Praefatio"	808
"105_SymAma_DeEcOf2"	"Symphosius Amalarius"	"De ecclesiasticis officiis"	125367
"105_SymAma_EcDeOfM"	"Symphosius Amalarius"	"Eclogae de officio missae"	8505
"105_SymAma_Episto175"	"Symphosius Amalarius"	"Epistolae"	3402
"105_SymAma_FoInCa"	"Symphosius Amalarius"	"Forma institutionis canonicorum"	76135
"105_SymAma_LiDeOrA"	"Symphosius Amalarius"	"Liber de ordine antiphonarii"	34436
"105_TheAur_CaAdEo"	"Theodulfus Aurelianensis"	"Capitulare ad eosdem"	68
"105_TheAur_CaAdPrP"	"Theodulfus Aurelianensis"	"Capitula ad presbyteros parochiae suae"	7248
"105_TheAur_Carmin19"	"Theodulfus Aurelianensis"	"Carmina"	37702
"105_TheAur_DeOrBa"	"Theodulfus Aurelianensis"	"De ordine baptismi"	7867
"105_TheAur_DeSpSa5"	"Theodulfus Aurelianensis"	"De Spiritu Sancto"	17804
"105_TheAur_FraSer2"	"Theodulfus Aurelianensis"	"Fragmenta sermonum"	2921
"106_AgSiAnR_LibPon"	"Agnellus sive Andreas Ravennatensis"	"Liber Pontificalis"	149085
"106_AucInc_ApAdPoA"	"Auctor incertus"	"Appendix ad Pontificale Agnelli"	29589
"106_AurRec_EpAdBe"	"Aurelianus Recomensis"	"Epistola ad Bernardum"	1723
"106_CanFul_Episto176"	"Candidus Fuldensis"	"Epistola"	2615
"106_CanFul_OpDePaD"	"Candidus Fuldensis"	"Opusculum de passione Domini"	23586
"106_ChrDru_ExBrInL"	"Christianus Druthmarus"	"Expositio brevis in Lucam"	5337
"106_ChrDru_ExInJo"	"Christianus Druthmarus"	"Expositiuncula in Joannem"	2856
"106_ChrDru_ExInMa"	"Christianus Druthmarus"	"Expositio in Matthaeum"	126476
"106_ColTru_CaLuDeO"	"Columbanus Trudonis"	"Carmen lugubre de obitu Caroli Magni"	333
"106_DoSiDuD_LibMan"	"Dodana sive Duodena (Dhuoda)"	"Liber manualis"	4219
"106_EldHis_Revela"	"Eldefonsus Hispalensis"	"Revelatio"	188
"106_FreLex_Chroni16"	"Freculphus Lexovensis"	"Chronica"	157578
"106_FroTul_Episto178"	"Frotharius Tullensis"	"Epistolae"	708
"106_GreIv_Episto177"	"Gregorius IV"	"Epistolae"	4245
"106_Hildem_EpAdUrB"	"Hildemarus"	"Epistola ad Ursum Beneventanum"	1198
"106_HilSan_Passio"	"Hilduinus Sandionysianus"	"Passio"	11984
"106_HilSan_Proleg75"	"Hilduinus Sandionysianus"	"Prolegomena"	4833
"106_JonAur_DeCuIm"	"Jonas Aurelianus"	"De cultu imaginum"	38664
"106_JonAur_DeInLa"	"Jonas Aurelianus"	"De institutione laicali"	73086
"106_JonAur_DeInRe"	"Jonas Aurelianus"	"De institutione regia"	11477
"106_JonAur_HiTrSHu"	"Jonas Aurelianus"	"Historia translationis S. Hucberti"	1346
"106_JosSac_DeTrCoS"	"Josephus sacerdos"	"De translatione corporum SS. Ragnoberti et Zenonis"	5986
"106_LamPul_EpAdAl"	"Lambertus Pultariensis"	"Epistola ad Albericum"	1036
"106_MaxAqu_CoDeAnR"	"Maxentius Aquileiensis"	"Collectanea de antiquis ritibus baptismi"	1557
"106_MaxAqu_EpAdCaM2"	"Maxentius Aquileiensis"	"Epistola ad Carolum Magnum"	1217
"106_SerIi_Episto179"	"Sergius II"	"Epistola"	699
"106_TheTre_VitLud2"	"Theganus Trevirensis"	"Vita Ludovici"	7266
"106_WalStr_Praefa132"	"Walafridus Strabo"	"Praefatio"	693
"107_JoaTri_ViAlRaM"	"Joannes Trithemius"	"Vita altera Rabani Mauri"	15428
"107_RabMau_CoInGe3"	"Rabanus Maurus"	"Commentariorum in Genesim"	115712
"107_RabMau_CoInMa5"	"Rabanus Maurus"	"Commentarium in Matthaeum"	213056
"107_RabMau_DeClIn"	"Rabanus Maurus"	"De clericorum institutione"	58873
"107_RabMau_DeLaSaC"	"Rabanus Maurus"	"De laudibus Sanctae Crucis"	54385
"107_RabMau_LiDeCo"	"Rabanus Maurus"	"Liber de computo"	26134
"107_RabMau_LiDeObP"	"Rabanus Maurus"	"Liber de oblatione puerorum"	10041
"107_RudSch_ViRaMa"	"Rudolfus scholasticus"	"Vita Rabani Mauri"	10995
"108_HunEpi_Episto180"	"Hunbertus episcopus"	"Epistola"	732
"108_RabMau_CoInEx"	"Rabanus Maurus"	"Commentaria in Exodum"	118546
"108_RabMau_CoInLiJ"	"Rabanus Maurus"	"Commentaria in librum Josue"	52506
"108_RabMau_CoInLiJ2"	"Rabanus Maurus"	"Commentaria in librum Judicum"	44831
"108_RabMau_CoInLiR2"	"Rabanus Maurus"	"Commentarium in librum Ruth"	11593
"108_RabMau_EnInLiN"	"Rabanus Maurus"	"Enarrationes in librum Numerorum"	127325
"108_RabMau_EnSuDe"	"Rabanus Maurus"	"Enarratio super Deuteronomium"	80176
"108_RabMau_EpiDed35"	"Rabanus Maurus"	"Epistola dedicatoria"	811
"108_RabMau_ExInLe"	"Rabanus Maurus"	"Expositiones in Leviticum"	170793
"108_RabMau_Praefa135"	"Rabanus Maurus"	"Praefatio"	738
"109_RabMau_CoInEc2"	"Rabanus Maurus"	"Commentaria in Ecclesiasticum"	173407
"109_RabMau_CoInLiM"	"Rabanus Maurus"	"Commentaria in libros Machabaeorum"	60125
"109_RabMau_CoInLiR3"	"Rabanus Maurus"	"Commentaria in libros Regum"	130954
"109_RabMau_CoInLiS"	"Rabanus Maurus"	"Commentaria in librum Sapientiae"	44181
"109_RabMau_CoInPa"	"Rabanus Maurus"	"Commentaria in Paralipomena"	127178
"109_RabMau_ExInLiE"	"Rabanus Maurus"	"Expositio in librum Esther"	16322
"109_RabMau_ExInLiJ2"	"Rabanus Maurus"	"Expositio in librum Judith"	24928
"110_LoIGe_EpAdRa"	"Lotharius I Germaniae"	"Epistola ad Rabanum"	636
"110_RabMau_CoInEz2"	"Rabanus Maurus"	"Commentaria in Ezechielem"	291918
"110_RabMau_DeCoNu"	"Rabanus Maurus"	"De consanguineorum nuptiis"	3748
"110_RabMau_DeMaAr"	"Rabanus Maurus"	"De magicis artibus"	6825
"110_RabMau_Homili11"	"Rabanus Maurus"	"Homiliae"	225855
"110_RabMau_Martyr3"	"Rabanus Maurus"	"Martyrologium"	29857
"110_RabMau_Opuscu7"	"Rabanus Maurus"	"Opuscula"	7694
"110_RabMau_Poenit3"	"Rabanus Maurus"	"Poenitentiale"	12075
"110_RabMau_Praefa136"	"Rabanus Maurus"	"Praefatio"	1037
"110_RabMau_Prolog9"	"Rabanus Maurus"	"Prologus"	413
"110_RabMau_QuGeLiS"	"Rabanus Maurus"	"Quota generatione licitum sit connubium"	1316
"110_RabMau_TrDeAn"	"Rabanus Maurus"	"Tractatus de anima"	5208
"111_RabMau_CoInJe2"	"Rabanus Maurus"	"Commentaria in Jeremiam"	238349
"111_RabMau_DeUni"	"Rabanus Maurus"	"De universo"	29375
"111_RabMau_EnInEpB"	"Rabanus Maurus"	"Enarrationes in Epistolas Beati Pauli"	182564
"111_RabMau_ExDeArG"	"Rabanus Maurus"	"Excerptio de Arte grammatica Prisciani"	35093
"111_RabMau_ExInPrS2"	"Rabanus Maurus"	"Expositio in Proverbia Salomonis"	53551
"112_AuInRaM_CaDuEtS"	"Auctor incertus (Rabanus Maurus?)"	"Carmina dubia et spuria"	2805
"112_RabMau_AlInUnS"	"Rabanus Maurus"	"Allegoriae in universam sacram scripturam"	110876
"112_RabMau_CaDeDi"	"Rabanus Maurus"	"Carmina de diversis"	17051
"112_RabMau_CoInCa"	"Rabanus Maurus"	"Commentaria in Cantica"	37324
"112_RabMau_DeEcDi"	"Rabanus Maurus"	"De ecclesiastica disciplina"	33469
"112_RabMau_DeInLi"	"Rabanus Maurus"	"De inventione linguarum"	496
"112_RabMau_DePaDo"	"Rabanus Maurus"	"De passione Domini"	2617
"112_RabMau_DeViBMa2"	"Rabanus Maurus"	"De vita B. Mariae Magdalenae et Marthae"	24199
"112_RabMau_DeViDeD"	"Rabanus Maurus"	"De videndo Deum, de puritate cordis et modo poenitentiae"	34846
"112_RabMau_DeViEtV3"	"Rabanus Maurus"	"De vitiis et virtutibus"	28431
"112_RabMau_Episto181"	"Rabanus Maurus"	"Epistolae"	3137
"112_RabMau_Epitap10"	"Rabanus Maurus"	"Epitaphia"	2053
"112_RabMau_Hymni8"	"Rabanus Maurus"	"Hymni"	5395
"112_RabMau_LibPoe3"	"Rabanus Maurus"	"Liber poenitentium"	11947
"112_RabMau_LiDeSaO"	"Rabanus Maurus"	"Liber de sacris ordinibus"	12175
"112_RabMau_PrInDeQ"	"Rabanus Maurus"	"Praefatio in De quaestionibus canonum poenitentialium"	1263
"112_WalStr_GlLaRa"	"Walafridus Strabo"	"Glossae Latino-barbaricae Rabani"	994
"113_NiDeLi_PrDeCoS"	"Nicolaus de Lira"	"Prologus de commendatione Sacrae Scripturae"	2322
"113_NiDeLi_PrDeInA"	"Nicolaus de Lira"	"Prologus de intentione auctoris"	2264
"113_NiDeLi_PrInMoB"	"Nicolaus de Lira"	"Prologus in moralitates Bibliorum"	952
"113_PaDeSaM_Additi2"	"Paulus de Sancta Maria"	"Additiones"	14715
"113_TheDua_AdLec22"	"Theologi Duacenses"	"Ad lectorem"	3676
"113_WalStr_CanCan2"	"Walafridus Strabo"	"Canticum Canticorum"	20266
"113_WalStr_LibDeu2"	"Walafridus Strabo"	"Liber Deuteronomii"	26579
"113_WalStr_LibEcc2"	"Walafridus Strabo"	"Liber Ecclesiastes"	4548
"113_WalStr_LibEcc3"	"Walafridus Strabo"	"Liber Ecclesiasticus"	2123
"113_WalStr_LibEst2"	"Walafridus Strabo"	"Liber Esther"	3455
"113_WalStr_LibExo2"	"Walafridus Strabo"	"Liber Exodus"	53073
"113_WalStr_LibGen2"	"Walafridus Strabo"	"Liber Genesis"	52728
"113_WalStr_LibJob3"	"Walafridus Strabo"	"Liber Job"	42184
"113_WalStr_LibJud3"	"Walafridus Strabo"	"Liber Judicum"	4893
"113_WalStr_LibJud4"	"Walafridus Strabo"	"Liber Judith"	3156
"113_WalStr_LibLev2"	"Walafridus Strabo"	"Liber Leviticus"	37338
"113_WalStr_LibNeh"	"Walafridus Strabo"	"Liber Nehemiae"	5328
"113_WalStr_LibNum2"	"Walafridus Strabo"	"Liber Numeri"	3022
"113_WalStr_LibPro2"	"Walafridus Strabo"	"Liber Proverbiorum"	15811
"113_WalStr_LibPsa3"	"Walafridus Strabo"	"Liber Psalmorum"	122091
"113_WalStr_LibRut2"	"Walafridus Strabo"	"Liber Ruth"	2834
"113_WalStr_LibSap"	"Walafridus Strabo"	"Liber Sapientiae"	7592
"113_WalStr_LibTob2"	"Walafridus Strabo"	"Liber Tobiae"	2713
"113_WalStr_LiIEs"	"Walafridus Strabo"	"Liber I Esdrae"	9005
"113_WalStr_LiIiRe"	"Walafridus Strabo"	"Liber II Regum"	7953
"113_WalStr_LiIiRe2"	"Walafridus Strabo"	"Liber III Regum"	13184
"113_WalStr_LiIRe"	"Walafridus Strabo"	"Liber I Regum"	10607
"113_WalStr_LiIsPr"	"Walafridus Strabo"	"Liber Isaiae prophetae"	39202
"113_WalStr_LiIvRe"	"Walafridus Strabo"	"Liber IV Regum"	8829
"113_WalStr_LiJoBeN"	"Walafridus Strabo"	"Liber Josue Ben Nun"	6133
"113_WalStr_LiPaI"	"Walafridus Strabo"	"Liber Paralipomenon I"	15222
"113_WalStr_LiPaIi"	"Walafridus Strabo"	"Liber Paralipomenon II"	12303
"114_AuInWaS_ViSLe3"	"Auctor incertus (Walafridus Strabo?)"	"Vita S. Leodegarii"	10347
"114_WalStr_ActApo2"	"Walafridus Strabo"	"Actus Apostolorum"	19981
"114_WalStr_ApBJo"	"Walafridus Strabo"	"Apocalypsis B. Joannis"	19974
"114_WalStr_CaDeSMi"	"Walafridus Strabo"	"Carmen de S. Michaele"	227
"114_WalStr_DeMaVi"	"Walafridus Strabo"	"De Maria virgine"	46
"114_WalStr_DeReEc"	"Walafridus Strabo"	"De rebus ecclesiasticis"	20819
"114_WalStr_DeSiFeA"	"Walafridus Strabo"	"De singulis festivitatibus anni"	491
"114_WalStr_DeSuJe"	"Walafridus Strabo"	"De subversione Jerusalem"	4398
"114_WalStr_DeViWe"	"Walafridus Strabo"	"De visionibus Wettini"	8674
"114_WalStr_EpAdCo4"	"Walafridus Strabo"	"Epistola ad Colossenses"	3175
"114_WalStr_EpAdEp"	"Walafridus Strabo"	"Epistola ad Ephesios"	6308
"114_WalStr_EpAdGa"	"Walafridus Strabo"	"Epistola ad Galatas"	8953
"114_WalStr_EpAdHe2"	"Walafridus Strabo"	"Epistola ad Hebraeos"	13726
"114_WalStr_EpAdPh"	"Walafridus Strabo"	"Epistola ad Philippenses"	3759
"114_WalStr_EpAdPh2"	"Walafridus Strabo"	"Epistola ad Philemonem"	707
"114_WalStr_EpAdRo"	"Walafridus Strabo"	"Epistola ad Romanos"	24747
"114_WalStr_EpAdTi"	"Walafridus Strabo"	"Epistola ad Titum"	1311
"114_WalStr_EpCaBJa"	"Walafridus Strabo"	"Epistola canonica B. Jacobi"	4036
"114_WalStr_EpCaJu"	"Walafridus Strabo"	"Epistola Catholica Judae"	1382
"114_WalStr_EpCoRaI"	"Walafridus Strabo"	"Epitome Commentariorum Rabani in Leviticum"	26843
"114_WalStr_EpGeCo"	"Walafridus Strabo"	"Epitaphium Geroldi comitis"	47
"114_WalStr_EpIAdCo"	"Walafridus Strabo"	"Epistola I ad Corinthios"	1508
"114_WalStr_EpIAdTh"	"Walafridus Strabo"	"Epistola I ad Thessalonicenses"	2187
"114_WalStr_EpIAdTi"	"Walafridus Strabo"	"Epistola I ad Timotheum"	3992
"114_WalStr_EpIBJo"	"Walafridus Strabo"	"Epistola I B. Joannis"	4975
"114_WalStr_EpIBPe"	"Walafridus Strabo"	"Epistola I B. Petri"	4326
"114_WalStr_EpIiAdC"	"Walafridus Strabo"	"Epistola II ad Corinthios"	9326
"114_WalStr_EpIiAdT"	"Walafridus Strabo"	"Epistola II ad Thessalonicenses"	1718
"114_WalStr_EpIiAdT2"	"Walafridus Strabo"	"Epistola II ad Timotheum"	2504
"114_WalStr_EpIiBJo"	"Walafridus Strabo"	"Epistola II B. Joannis"	388
"114_WalStr_EpIiBJo2"	"Walafridus Strabo"	"Epistola III B. Joannis"	428
"114_WalStr_EpIiBPe"	"Walafridus Strabo"	"Epistola II B. Petri"	2433
"114_WalStr_EvSeJo2"	"Walafridus Strabo"	"Evangelium secundum Joannem"	35135
"114_WalStr_EvSeLu2"	"Walafridus Strabo"	"Evangelium secundum Lucam"	52101
"114_WalStr_EvSeMa3"	"Walafridus Strabo"	"Evangelium secundum Matthaeum"	54514
"114_WalStr_EvSeMa4"	"Walafridus Strabo"	"Evangelium secundum Marcum"	30991
"114_WalStr_ExInQuE"	"Walafridus Strabo"	"Expositio in quatuor Evangelia"	28683
"114_WalStr_ExInXxP"	"Walafridus Strabo"	"Expositio in XX primos Psalmos"	2034
"114_WalStr_HoInInE"	"Walafridus Strabo"	"Homilia in initium Evangelii S. Matthaei"	4985
"114_WalStr_Hortul"	"Walafridus Strabo"	"Hortulus"	3646
"114_WalStr_HyAgMa"	"Walafridus Strabo"	"Hymnus Agaunensibus martyribus"	749
"114_WalStr_HyDeNaD"	"Walafridus Strabo"	"Hymnus de natali Domini"	358
"114_WalStr_PiHiNoT"	"Walafridus Strabo"	"Picturae historiarum Novi Testamenti"	677
"114_WalStr_ProBar"	"Walafridus Strabo"	"Prophetia Baruch"	59
"114_WalStr_ProJer"	"Walafridus Strabo"	"Prophetia Jeremiae"	24219
"114_WalStr_VeDeReD"	"Walafridus Strabo"	"Versus de rebus diversis"	5073
"114_WalStr_VeInAqP"	"Walafridus Strabo"	"Versus in Aquisgrani palatio editi"	7309
"114_WalStr_ViSBl"	"Walafridus Strabo"	"Vita S. Blaitmaici"	1405
"114_WalStr_ViSGa"	"Walafridus Strabo"	"Vita S. Galli"	2321
"114_WalStr_ViSMa10"	"Walafridus Strabo"	"Vita S. Mammae"	667
"114_WalStr_ViSOt"	"Walafridus Strabo"	"Vita S. Othmari"	4611
"115_AimSan_DeTrSsM"	"Aimoinus Sangermanensis"	"De translatione SS. martyrum"	10087
"115_AlvCor_VitEul"	"Alvarus Cordubensis"	"Vita Eulogii"	6293
"115_AngLux_CoInGe4"	"Angelomus Luxovensis"	"Commentarius in Genesin"	67619
"115_AngLux_EnInCaC"	"Angelomus Luxovensis"	"Enarrationes in Cantica canticorum"	37235
"115_AngLux_EnInLiR"	"Angelomus Luxovensis"	"Enarrationes in libros Regum"	14902
"115_AucInc_GesAld"	"Auctor incertus"	"Gesta Aldrici"	34082
"115_AudSen_EpAdHi"	"Audradus Senonensis"	"Epistola ad Hincmarum"	787
"115_AudSen_ExLiRe"	"Audradus Senonensis"	"Excerpta libri Revelationum"	238
"115_AudSen_LiDeFoV"	"Audradus Senonensis"	"Liber de fonte vitae"	2587
"115_BenIii_Diplom7"	"Benedictus III"	"Diploma"	319
"115_BenIii_Episto182"	"Benedictus III"	"Epistolae"	5159
"115_EulTol_DeViEtP2"	"Eulogius Toletanus"	"De vita et passione SS. Florae et Mariae"	295
"115_EulTol_DocMar"	"Eulogius Toletanus"	"Documentum martyriale"	6596
"115_EulTol_Episto183"	"Eulogius Toletanus"	"Epistolae"	345
"115_EulTol_LiApMa"	"Eulogius Toletanus"	"Liber apologeticus martyrum"	7614
"115_EulTol_MemSan"	"Eulogius Toletanus"	"Memorialis sanctorum"	35174
"115_HetBas_Capitu11"	"Hetto Basileensis"	"Capitulare"	1907
"115_LeoIv_EpEtDe22"	"Leo IV"	"Epistolae et decreta"	7132
"115_LeoIv_Homili12"	"Leo IV"	"Homilia"	3689
"115_PruTre_Annale"	"Prudentius Trecensis"	"Annales"	13451
"115_PruTre_BrePsa"	"Prudentius Trecensis"	"Breviarium psalterii"	4461
"115_PruTre_DePra"	"Prudentius Trecensis"	"De praedestinatione"	169801
"115_PruTre_EpAdHiE"	"Prudentius Trecensis"	"Epistola ad Hincmarum et Pardulum"	17776
"115_PruTre_EpAdQuE"	"Prudentius Trecensis"	"Epistola ad quemdam episcopum"	370
"115_PruTre_EpiTra"	"Prudentius Trecensis"	"Epistola tractoria"	634
"115_PruTre_ExExPo"	"Prudentius Trecensis"	"Excerpta ex Pontificali"	3907
"115_PruTre_FlExSaS"	"Prudentius Trecensis"	"Florilegium ex sacra Scriptura"	863
"115_PruTre_SeDeViE"	"Prudentius Trecensis"	"Sermo de vita et morte Maurae"	3108
"115_PruTre_Versus5"	"Prudentius Trecensis"	"Versus"	338
"115_SpInDe_SpInDeA"	"Spera in Deo"	"Spera in Deo abbas contra haereticos quosdam"	3888
"116_AmuLug_Episto185"	"Amulo Lugdunensis"	"Epistolae"	8982
"116_AmuLug_LiCoJu"	"Amulo Lugdunensis"	"Liber contra Judaeos"	20935
"116_AmuLug_OpDePrE"	"Amulo Lugdunensis"	"Opuscula de praescientia et praedestinatione"	3952
"116_AmuLug_SeAuDeP"	"Amulo Lugdunensis"	"Sententiae Augustini de praedestinatione et gratia Dei"	17382
"116_EbbRhe_Apolog3"	"Ebbo Rhemensis"	"Apologeticum"	2371
"116_EbbRhe_ConEbb"	"Ebbo Rhemensis"	"Confessio Ebbonis"	135
"116_EbbRhe_Poemat3"	"Ebbo Rhemensis"	"Poemata"	180
"116_ErcFri_Episto184"	"Erchambertus Frisingensis"	"Epistola"	201
"116_ErcFri_Fragme8"	"Erchambertus Frisingensis"	"Fragmentum"	599
"116_ErmAug_FrExLiD"	"Ermanricus Augiensis"	"Fragmenta ex libro De grammatica"	3101
"116_FloRem_NotHis172"	"Flodoardus Remensis"	"Notitia historica"	596
"116_HayHal_CoInCa2"	"Haymo Halberstatensis"	"Commentaria in Cantica"	9046
"116_HayHal_CoInIs2"	"Haymo Halberstatensis"	"Commentaria in Isaiam"	185826
"116_HayHal_CoInPs2"	"Haymo Halberstatensis"	"Commentaria in Psalmos"	256022
"116_JoaTri_ViDHa"	"Joannes Trithemius"	"Vita D. Haymonis"	185
"116_NiSRi_DeDiFiL"	"Nithardus S. Richarii"	"De dissensionibus filiorum Ludovici Pii"	15249
"117_HayHal_CoInCaC2"	"Haymo Halberstatensis"	"Commentarium in Cantica canticorum"	31234
"117_HayHal_EnInDuP"	"Haymo Halberstatensis"	"Enarratio in duodecim prophetas minores"	143717
"117_HayHal_ExInAp2"	"Haymo Halberstatensis"	"Expositio in Apocalypsin"	144146
"117_HayHal_ExInDPa"	"Haymo Halberstatensis"	"Expositio in D. Pauli epistolas"	290527
"118_AnsHam_Episto188"	"Anscharius Hamburgensis"	"Epistola"	193
"118_AnsHam_VitWil"	"Anscharius Hamburgensis"	"Vita Willehadi"	7278
"118_GreIv_Exempl2"	"Gregorius IV"	"Exemplar"	633
"118_HayHal_DeCoEtS"	"Haymo Halberstatensis"	"De corpore et sanguine Domini"	865
"118_HayHal_DeVaLi"	"Haymo Halberstatensis"	"De varietate librorum"	39311
"118_HayHal_HiSaEp"	"Haymo Halberstatensis"	"Historiae sacrae epitome"	23014
"118_HayHal_Homili13"	"Haymo Halberstatensis"	"Homiliae"	400432
"118_LudPiu_Append22"	"Ludovicus Pius"	"Appendix"	1089
"118_RemHam_ViSAn2"	"Rembertus Hamburgensis"	"Vita S. Anscharii"	22962
"119_AucVar_ReEpGeC"	"Auctores varii"	"Responsio episcoporum Germaniae contra Graecos"	7362
"119_FloLug_CaExLeE"	"Florus Lugdunensis"	"Capitula ex lege et canone collecta"	1442
"119_FloLug_CarRel"	"Florus Lugdunensis"	"Carmina religiosa"	8342
"119_FloLug_CarVar"	"Florus Lugdunensis"	"Carmina varia"	3634
"119_FloLug_DeExMi"	"Florus Lugdunensis"	"De expositione missae"	28171
"119_FloLug_EpAdImJ"	"Florus Lugdunensis"	"Epistola ad imperatricem Judith"	476
"119_FloLug_ExInEpB"	"Florus Lugdunensis"	"Expositio in epistolas B. Pauli"	76189
"119_FloLug_LiAdJoS"	"Florus Lugdunensis"	"Liber adversus Joannem Scotum"	70387
"119_FloLug_LiDeElE"	"Florus Lugdunensis"	"Liber de electionibus episcoporum"	1
"119_FloLug_OpAdAm"	"Florus Lugdunensis"	"Opuscula adversus Amalarium"	11345
"119_FloLug_SeDePr"	"Florus Lugdunensis"	"Sermo de praedestinatione"	1911
"119_LupFer_CaCoVe"	"Lupus Ferrariensis"	"Canones concilii Vernensis"	2153
"119_LupFer_CoDeTrQ"	"Lupus Ferrariensis"	"Collectaneum de tribus quaestionibus"	7932
"119_LupFer_DeTrQu"	"Lupus Ferrariensis"	"De tribus quaestionibus"	10659
"119_LupFer_Episto189"	"Lupus Ferrariensis"	"Epistolae"	43301
"119_LupFer_HoInSoS"	"Lupus Ferrariensis"	"Homiliae in solemnitate S. Wigberti"	2235
"119_LupFer_HyDeSoS"	"Lupus Ferrariensis"	"Hymni de solemnitate S. Wigberti"	279
"119_LupFer_ViSMa11"	"Lupus Ferrariensis"	"Vita S. Maximi"	3648
"119_LupFer_ViSWi2"	"Lupus Ferrariensis"	"Vita S. Wigberti"	3603
"119_NicI_Append24"	"Nicolaus I"	"Appendix"	7624
"119_NicI_EpEtDe23"	"Nicolaus I"	"Epistolae et diplomata"	186979
"119_RoIiSu_LibPro3"	"Rothadus II Suessionensis"	"Libellus proclamationis"	2164
"119_WalAur_Capitu13"	"Walterius Aurelianensis"	"Capitula"	2254
"120_AucVar_PrMoCo"	"Auctores varii"	"Privilegium monasterii Corbeiensis"	193
"120_Engelm_Versus6"	"Engelmodus"	"Versus"	1273
"120_PasRad_DeFiSpE2"	"Paschasius Radbertus"	"De fide, spe et charitate"	48824
"120_PasRad_DePaSsR"	"Paschasius Radbertus"	"De passione SS. Rufini et Valerii"	8404
"120_PasRad_DePaVi2"	"Paschasius Radbertus"	"De partu Virginis"	985
"120_PasRad_DeViSAd"	"Paschasius Radbertus"	"De vita S. Adalhardi"	21254
"120_PasRad_EpDeCoE"	"Paschasius Radbertus"	"Epistola de corpore et sanguine Domini ad Frudegardum"	7373
"120_PasRad_EpiArs"	"Paschasius Radbertus"	"Epitaphium Arsenii"	42911
"120_PasRad_ExInMa2"	"Paschasius Radbertus"	"Expositio in Matthaeum"	493863
"120_PasRad_ExInPsX"	"Paschasius Radbertus"	"Expositio in Psalmum XLIV"	33439
"120_PasRad_InLaJe2"	"Paschasius Radbertus"	"In Lamentationes Jeremiae"	96317
"120_PasRad_LiDeCoE"	"Paschasius Radbertus"	"Liber de corpore et sanguine Domini"	36984
"121_AdvMet_EpAdNi"	"Adventius Metensis"	"Epistola ad Nicolaum"	1362
"121_AdvMet_EpAdTh"	"Adventius Metensis"	"Epistola ad Theutgaudum"	302
"121_AdvMet_Epitap11"	"Adventius Metensis"	"Epitaphium"	179
"121_AdvMet_LiDeWa"	"Adventius Metensis"	"Libellus de Waldrada"	947
"121_AdvMet_Oratio2"	"Adventius Metensis"	"Orationes"	392
"121_AdvMet_Privil8"	"Adventius Metensis"	"Privilegium"	933
"121_AenPar_LiAdGr"	"Aeneas Parisiensis"	"Liber adversus Graecos"	3506
"121_AlmAlt_Rescri"	"Almannus Altivillarensis"	"Rescriptum"	678
"121_AucInc_CaDeCoV"	"Auctor incertus"	"Carmen de conflictu veris et hiemis"	477
"121_AucInc_EpPiEtD"	"Auctor incertus"	"Epitaphium Pippini et Drogonis"	87
"121_AucInc_SeDeTrS"	"Auctor incertus"	"Sermo de translatione S. Amandi"	1511
"121_BerFra_Itiner3"	"Bernardus Francus"	"Itinerarium"	2302
"121_CypCor_Epigra5"	"Cyprianus Cordubensis"	"Epigrammata"	527
"121_GotOrb_Confes5"	"Gotteschalcus Orbacensis"	"Confessio"	589
"121_GotOrb_ConPro"	"Gotteschalcus Orbacensis"	"Confessio prolixior"	7583
"121_GotOrb_Episto190"	"Gotteschalcus Orbacensis"	"Epistola"	1498
"121_GotOrb_FraOmn"	"Gotteschalcus Orbacensis"	"Fragmenta omnia"	664
"121_GriSan_BenEpi"	"Grimaldus Sangallensis"	"Benedictiones episcopales"	9996
"121_GriSan_LibSac3"	"Grimaldus Sangallensis"	"Liber sacramentorum"	109
"121_GriSan_PraAnt"	"Grimaldus Sangallensis"	"Praefationes antiquae"	1698
"121_GrSaTaS_Episto196"	"Grimaldus Sangallensis; Tatto Sangallensis"	"Epistola"	243
"121_GunCol_CaDiInN"	"Guntharius Coloniensis"	"Capitula diabolica in Nicolaum papam"	837
"121_GunCol_Retrac2"	"Guntharius Coloniensis"	"Retractio"	126
"121_HerTur_Annunt"	"Herardus Turonensis"	"Annuntiatio"	1398
"121_HerTur_Capitu14"	"Herardus Turonensis"	"Capitula"	4957
"121_HerTur_Common4"	"Herardus Turonensis"	"Commonitorium"	415
"121_IsoSan_DeMiSOt"	"Iso Sangallensis"	"De miraculis S. Othmari"	5511
"121_LeoCor_LiDeHaC"	"Leovigildus Cordubiensis"	"Liber de habitu clericorum"	374
"121_LoIGe_EpiTre"	"Lotharius I Germaniae"	"Epistolae tres"	2546
"121_LoIGe_SeDeElC"	"Lotharius I Germaniae"	"Sermo de elevatione corporis S. Amandi"	2247
"121_MiSAm_DeViSAm"	"Milo S. Amandi"	"De vita S. Amandi"	16463
"121_PaAlCo_Carmin23"	"Paulus Alvarus Cordubensis"	"Carmina"	3345
"121_PaAlCo_Confes6"	"Paulus Alvarus Cordubensis"	"Confessio"	6609
"121_PaAlCo_Episto194"	"Paulus Alvarus Cordubensis"	"Epistolae"	45246
"121_PaAlCo_IndLum"	"Paulus Alvarus Cordubensis"	"Indiculus luminosus"	17856
"121_RatCor_CoGrOp"	"Ratramnus Corbeiensis"	"Contra Graecorum opposita"	58059
"121_RatCor_DeCoEtS2"	"Ratramnus Corbeiensis"	"De corpore et sanguine Domini"	10217
"121_RatCor_DeNaCh"	"Ratramnus Corbeiensis"	"De nativitate Christi"	9646
"121_RatCor_DePrDe2"	"Ratramnus Corbeiensis"	"De praedestinatione Dei"	33281
"121_RatCor_EpDeCy"	"Ratramnus Corbeiensis"	"Epistola de Cynocephalis"	139
"121_RemLug_DeDaGeP"	"Remigius Lugdunensis"	"De damnatione generali per Adam"	7604
"121_RemLug_DeTrEp"	"Remigius Lugdunensis"	"De tribus epistolis"	3551
"121_RemLug_DeVeTeS"	"Remigius Lugdunensis"	"De veritate tenenda scripturae"	23368
"121_TheCat_Episto193"	"Theudoinus Catalaunensis"	"Epistola"	480
"121_ThIBeGa_Episto191"	"Theodgaudus I Belgicae Galliae; Guntharius Coloniensis; Arduicus Vestonionensis"	"Epistola"	319
"121_ThIBeGa_Episto192"	"Theodgaudus I Belgicae Galliae; Guntharius Coloniensis; Arduicus Vestonionensis"	"Epistola"	945
"121_VulBit_EpiPas"	"Vulfadus Bituricensis"	"Epistola pastoralis"	2382
"121_WanPru_DeCrMu"	"Wandalbertus Prumiensis"	"De creatione mundi"	1176
"121_WanPru_DeMiSGo"	"Wandalbertus Prumiensis"	"De miraculis S. Goaris"	8172
"121_WanPru_DeNoDuM"	"Wandalbertus Prumiensis"	"De nominibus duodecim mensium"	2815
"121_WanPru_HiTrSsC"	"Wandalbertus Prumiensis"	"Historia translationis SS. Chrysanti et Dariae"	3714
"121_WanPru_Horolo"	"Wandalbertus Prumiensis"	"Horologium"	741
"121_WanPru_Martyr5"	"Wandalbertus Prumiensis"	"Martyrologium"	10572
"121_WanPru_Praefa138"	"Wandalbertus Prumiensis"	"Praefatio"	1444
"121_WanPru_TeSeMeO"	"Wandalbertus Prumiensis"	"Textus sequentis metrici operis"	1536
"121_WanPru_ViSGo"	"Wandalbertus Prumiensis"	"Vita S. Goaris"	6336
"122_AdrIi_EpEtDe24"	"Adrianus II"	"Epistola et decreta"	27593
"122_AucVar_Testim35"	"Auctores varii"	"Testimonia"	4986
"122_JoScEr_CoInEvS"	"Joannes Scotus Erigena"	"Commentarius in Evangelium secundum Joannem"	24638
"122_JoScEr_CoInEvS2"	"Joannes Scotus Erigena"	"Commentarii in Evangelium secundum Joannem"	216
"122_JoScEr_DeDiNa"	"Joannes Scotus Erigena"	"De divisione naturae"	263995
"122_JoScEr_DeEgEtR"	"Joannes Scotus Erigena"	"De egressu et regressu animae ad Deum"	304
"122_JoScEr_DePra2"	"Joannes Scotus Erigena"	"De praedestinatione"	39312
"122_JoScEr_ExInMyT"	"Joannes Scotus Erigena"	"Expositiones in Mysticam theologiam S. Dionysii"	5917
"122_JoScEr_ExSuIeC"	"Joannes Scotus Erigena"	"Expositiones super Ierarchiam caelestem S. Dionysii"	53063
"122_JoScEr_ExSuIeE"	"Joannes Scotus Erigena"	"Expositiones super Ierarchiam ecclesiasticam S. Dionysii"	535
"122_JoScEr_HoInPrE"	"Joannes Scotus Erigena"	"Homilia in prologum Evangelii secundum Joannem"	6524
"122_JoScEr_VeAmSMa"	"Joannes Scotus Erigena"	"Versio Ambiguorum S. Maximi"	12284
"122_JoScEr_VeOpSDi"	"Joannes Scotus Erigena"	"Versio operum S. Dionysii"	6697
"122_JoScEr_Versus7"	"Joannes Scotus Erigena"	"Versus"	5459
"123_AdoVie_Chroni17"	"Ado Viennensis"	"Chronicon"	51742
"123_AdoVie_Martyr6"	"Ado Viennensis"	"Martyrologium"	91467
"123_AdoVie_PaSDe"	"Ado Viennensis"	"Passio S. Desiderii"	2929
"123_AdoVie_Precat2"	"Ado Viennensis"	"Precatio"	113
"123_AdoVie_Privil9"	"Ado Viennensis"	"Privilegium"	288
"123_AdoVie_ViSTh2"	"Ado Viennensis"	"Vita S. Theuderii"	249
"123_AucInc_DeFeAp"	"Auctor incertus"	"De festivitatibus apostolorum"	8171
"123_AucInc_DeMiSBa"	"Auctor incertus"	"De Miraculis S. Barnardi"	581
"123_AucInc_DeTrSBa"	"Auctor incertus"	"De translatione S. Barnardi"	286
"123_AucVar_Elogia3"	"Auctores varii"	"Elogia"	266
"123_AucVar_VeRoMa"	"Auctores varii"	"Vetus Romanum martyrologium"	8098
"123_AugHip_QuGeCuS"	"Augustinus Hipponensis"	"Quo genere cultus SS. Martyres venerandi sunt"	695
"123_UsuSan_Martyr7"	"Usuardus Sangermanensis"	"Martyrologium"	10637
"124_AdrFlo_DeCoEtS3"	"Adrevaldus Floriacensis"	"De corpore et sanguine Christi"	2349
"124_AdrFlo_HiTrSBe"	"Adrevaldus Floriacensis"	"Historia translationis S. Bernardi"	3305
"124_AdrFlo_MiSBe"	"Adrevaldus Floriacensis"	"Miracula S. Benedicti"	14808
"124_AdrFlo_ViSAi"	"Adrevaldus Floriacensis"	"Vita S. Aigulfi"	5755
"124_CaIiCa_Episto197"	"Carolus II Calvus"	"Epistolae"	16103
"124_CaIiCa_LiPrAdW"	"Carolus II Calvus"	"Libellus proclamationis adversus Wenilonem"	1154
"124_HerAnt_Collec"	"Hericus Antissiodorensis"	"Collectanea"	37
"124_HerAnt_MiSGe"	"Hericus Antissiodorensis"	"Miracula S. Germani"	25418
"124_HerAnt_PrInHoS"	"Hericus Antissiodorensis"	"Praefatio in homilias suas"	177
"124_HerAnt_VeAdHi"	"Hericus Antissiodorensis"	"Versus ad Hildeboldum"	201
"124_HerAnt_ViSGe2"	"Hericus Antissiodorensis"	"Vita S. Germani"	27901
"124_HinLau_OpEtEp"	"Hincmarus Laudunensis"	"Opuscula et epistolae"	43823
"124_IsaLin_Canone3"	"Isaacus Lingonensis"	"Canones"	14675
"124_OdoBel_Canone4"	"Odo Bellovacensis"	"Canones"	726
"124_OdoBel_Instit"	"Odo Bellovacensis"	"Institutio"	579
"124_OdoBel_SeInSLu"	"Odo Bellovacensis"	"Sermo in S. Lucianum"	4681
"124_UsuSan_Martyr8"	"Usuardus Sangermanensis"	"Martyrologium"	22568
"125_AucVar_Testim36"	"Auctores varii"	"Testimonia"	148
"125_AuInHiR_Annale2"	"Auctor incertus (Hincmarus Rhemensis?)"	"Annales"	33936
"125_AuInHiR_ReAdQuQ"	"Auctor incertus (Hincmarus Rhemensis?)"	"Responsio ad quorumdam quaestiones"	1255
"125_HinRhe_AdEpRe"	"Hincmarus Rhemensis"	"Ad episcopos regni"	4244
"125_HinRhe_AdPrRe"	"Hincmarus Rhemensis"	"Ad proceres regni"	6727
"125_HinRhe_AdReg"	"Hincmarus Rhemensis"	"Ad regem"	9011
"125_HinRhe_CaInSy"	"Hincmarus Rhemensis"	"Capitula in synodo"	8291
"125_HinRhe_CapSyn"	"Hincmarus Rhemensis"	"Capitula synodica"	13208
"125_HinRhe_CarAli"	"Hincmarus Rhemensis"	"Carmina aliquot"	410
"125_HinRhe_ConHin"	"Hincmarus Rhemensis"	"Consilium Hincmari"	1154
"125_HinRhe_CorReg"	"Hincmarus Rhemensis"	"Coronationes regiae"	5603
"125_HinRhe_DeCaTeP"	"Hincmarus Rhemensis"	"De causa Teutfridi presbyteri"	1814
"125_HinRhe_DeCaVi"	"Hincmarus Rhemensis"	"De cavendis vitiis"	35901
"125_HinRhe_DeCoMiR"	"Hincmarus Rhemensis"	"De coercendis militum rapinis"	1692
"125_HinRhe_DeDiAnR"	"Hincmarus Rhemensis"	"De diversa animae ratione"	11557
"125_HinRhe_DeDiLoE"	"Hincmarus Rhemensis"	"De divortio Lotharii et Tetbergae"	75477
"125_HinRhe_DeFiCaR"	"Hincmarus Rhemensis"	"De fide Carolo regi servanda"	10586
"125_HinRhe_DeInRe2"	"Hincmarus Rhemensis"	"De institutione regia"	155
"125_HinRhe_DePra3"	"Hincmarus Rhemensis"	"De praedestinatione"	201654
"125_HinRhe_DePrCr"	"Hincmarus Rhemensis"	"De presbyteris criminosis"	8054
"125_HinRhe_DeRePeE"	"Hincmarus Rhemensis"	"De regis persona et regio ministerio"	11108
"125_HinRhe_DeUnEtN"	"Hincmarus Rhemensis"	"De una et non trina deitate"	73207
"125_HinRhe_DeVePs"	"Hincmarus Rhemensis"	"De verbis Psalmi"	2377
"125_HinRhe_DeViBeP"	"Hincmarus Rhemensis"	"De visione Bernoldi presbyteri"	2197
"125_HinRhe_DeViNo"	"Hincmarus Rhemensis"	"De villa Noviliaco"	1017
"125_HinRhe_EnSRe"	"Hincmarus Rhemensis"	"Encomium S. Remigii"	435
"125_HinRhe_Episto198"	"Hincmarus Rhemensis"	"Epistola"	2508
"125_HinRhe_ExInFeS"	"Hincmarus Rhemensis"	"Explanatio in ferculum Salomonis"	7474
"125_HinRhe_Exposi3"	"Hincmarus Rhemensis"	"Expositiones"	15701
"125_HinRhe_InAdLuB"	"Hincmarus Rhemensis"	"Instructio ad Ludovicum Balbum"	2561
"125_HinRhe_Jurame2"	"Hincmarus Rhemensis"	"Juramentum"	1832
"125_HinRhe_Praefa143"	"Hincmarus Rhemensis"	"Praefatio"	5841
"125_HinRhe_ProFid3"	"Hincmarus Rhemensis"	"Professio fidei"	214
"125_HinRhe_QuExDeE"	"Hincmarus Rhemensis"	"Quae exsequi debeat episcopus"	2826
"125_HinRhe_ViSRe2"	"Hincmarus Rhemensis"	"Vita S. Remigii"	27873
"126_AdrIii_Episto201"	"Adrianus III"	"Epistola"	189
"126_AdrIii_Privil11"	"Adrianus III"	"Privilegium"	1037
"126_AimSan_AcTrSSa"	"Aimoinus Sangermanensis"	"Acta translationis S. Savini martyris"	2102
"126_AimSan_DeMiSGe"	"Aimoinus Sangermanensis"	"De miraculis S. Germani"	8965
"126_AimSan_DeTrSVi"	"Aimoinus Sangermanensis"	"De translatione S. Vincentii Martyris"	6456
"126_AuInPaP_Notiti95"	"Auctor incertus (Pandulphus Pisanus?)"	"Notitia"	611
"126_BerCas_CaDeSBe2"	"Bertarius Cassinensis"	"Carmen de S. Benedicto"	1336
"126_BerCas_DeJePeA"	"Bertarius Cassinensis"	"De jejuniis per annum"	679
"126_BerCas_ViSScVi"	"Bertarius Cassinensis"	"Vita S. scholasticae virginis"	444
"126_HarSan_Inscri"	"Harmotus Sangallensis"	"Inscriptiones"	128
"126_HinRhe_Episto199"	"Hincmarus Rhemensis"	"Epistolae"	127713
"126_HinRhe_OpInCaH"	"Hincmarus Rhemensis"	"Opuscula in causa Hincmari Laudunensis"	177159
"126_JoaVii_EpEtDe25"	"Joannes VIII"	"Epistolae et decreta"	134502
"126_MarI_Episto200"	"Marinus I"	"Epistola"	99
"126_MarI_Privil10"	"Marinus I"	"Privilegia"	1222
"126_PasRad_DeCaMoS"	"Paschasius Radbertus"	"De casibus monasterii S. Galli"	8041
"126_PasRad_PoeVar"	"Paschasius Radbertus"	"Poemata varia"	210
"127_AnaBib_HiDeViP"	"Anastasius bibliothecarius"	"Historia de vitis pontificum Romanorum"	11543
"127_AucInc_CaAlPoR"	"Auctor incertus"	"Catalogus alter pontificum Romanorum"	3578
"127_AucInc_CaEpRo"	"Auctor incertus"	"Catalogus episcoporum Romanorum"	1055
"127_AucInc_CaPoRo2"	"Auctor incertus"	"Catalogus pontificum Romanorum"	1344
"127_AucInc_CaPoRo3"	"Auctor incertus"	"Catalogus pontificum Romanorum"	787
"127_AucInc_CaPoRoE"	"Auctor incertus"	"Catalogus pontificum Romanorum et decretorum"	2492
"127_AucInc_CaSuPo"	"Auctor incertus"	"Catalogus summorum pontificorum"	2761
"127_AucInc_CatImp"	"Auctor incertus"	"Catalogus imperatorum"	2126
"127_AucInc_DeCoSsM"	"Auctor incertus"	"Descriptio coemeteriorum SS. Martyrum"	1323
"127_AucInc_DepEpi"	"Auctor incertus"	"Depositio episcoporum"	106
"127_AucInc_DepMar"	"Auctor incertus"	"Depositio martyrum"	365
"127_AucInc_DeReUr"	"Auctor incertus"	"Descriptio regionum urbis"	1917
"127_AucInc_NoPoRoP"	"Auctor incertus"	"Nomina pontificum Romanorum per ordinem"	743
"127_AucVar_Elogia4"	"Auctores varii"	"Elogia"	446
"128_AucInc_FrCaPo"	"Auctor incertus"	"Fragmentum Catalogi pontificalis"	992
"128_AucInc_ViPoRo"	"Auctor incertus"	"Vitae pontificum Romanorum"	11479
"129_AnaBib_InChSNi"	"Anastasius bibliothecarius"	"Interpretatio chronologiae S. Nicephori"	879
"129_AnaBib_InSyViG"	"Anastasius bibliothecarius"	"Interpretatio Synodi VIII generalis"	8105
"129_AnaBib_InSyViG2"	"Anastasius bibliothecarius"	"Interpretatio Synodi VII generalis"	135033
"129_AnaRat_TraEmm"	"Anamodus Ratisponensis"	"Traditiones Emmerammenses"	27755
"129_AnBiAuV_Collec2"	"Anastasius bibliothecarius; Auctores varii"	"Collectanea"	69448
"129_AngCor_VeInLiS"	"Angilbertus Corbeiensis"	"Versus in librum S. Augustini ad Ludovicum"	378
"129_AucInc_DeAnEpP"	"Auctor incertus"	"De antiquis episcoporum promotionibus"	7392
"129_AucInc_DeCom2"	"Auctor incertus"	"De computo"	50071
"129_AucInc_ExDeCoC"	"Auctor incertus"	"Excerptum de conversione Carentanorum"	195
"129_AucInc_FrExHiD"	"Auctor incertus"	"Fragmentum ex Historia de conversione Boiorum et Carentanorum"	680
"129_AucInc_HoDeDeE"	"Auctor incertus"	"Homilia de decimis et de jejunio"	530
"129_AucInc_InPrFoP"	"Auctor incertus"	"Invectiva pro Formoso papa"	5251
"129_AucInc_NaDeMoC"	"Auctor incertus"	"Narratio de monacho Cenomanensi"	2026
"129_AucVar_SuAdEpE"	"Auctores varii"	"Supplementum ad epistolas et diplomata pontificum Romanorum saec. IX"	22045
"129_AuInDuS_ChrAlb"	"Auctor incertus (Dulcidius Salmanticensis?)"	"Chronicon Albeldense"	8883
"129_AuInLiC_DePoRoV"	"Auctor incertus (Liutprandus Cremonensis?)"	"De pontificum Romanorum vitis"	49805
"129_AuInMoR_BenDei"	"Auctor incertus (Monachus Ratisbonensis?)"	"Benedictio Dei"	16866
"129_AuInSeS_Chroni18"	"Auctor incertus (Sebastianus Salmanticensis?)"	"Chronicon"	4495
"129_AutCas_SeDeSMa"	"Autpertus Cassinensis"	"Sermo de S. Matthia"	42
"129_AuxFra_DeOrFaA"	"Auxilius Francus"	"De ordinationibus factis a Formoso papa"	8796
"129_AuxFra_InEtDe"	"Auxilius Francus"	"Infensor et defensor"	12742
"129_AuxFra_LiSuCaE"	"Auxilius Francus"	"Libellus super causa et negotio Formosi papae"	4661
"129_ClAnRa_EpAdCaJ"	"Clerus anonymus Ravennatus"	"Epistola ad Carolum Juniorem"	1203
"129_ErcCas_HisLan"	"Erchembertus Cassinensis"	"Historia Langobardorum"	14892
"129_EutLon_DeJuAcP"	"Eutropius Longobardus"	"De juribus ac privilegiis imperatorum Romanorum"	2466
"129_ForPap_EpEtPr"	"Formosus papa"	"Epistolae et privilegia"	7034
"129_Gosber_CarAcr"	"Gosbertus"	"Carmen acrostichum"	280
"129_HalAbb_VeAdTuS"	"Haldoinus abbas"	"Versus ad tumulum S. Remigii"	186
"129_HebTur_MiBMa"	"Hebernus Turonensis"	"Miracula B. Martini"	7061
"129_LuiMog_EpAdLuR"	"Luidbertus Moguntinensis"	"Epistola ad Ludovicum regem"	487
"129_MoPeInM_EpAdLeI"	"Monachi peregrini in Monte Oliveti"	"Epistola ad Leonem III"	2019
"129_RomPap_Episto203"	"Romanus papa"	"Epistolae"	1087
"129_SigRhe_RhDeMoF"	"Sigloardus Rhemensis"	"Rhythmus de morte Fulconis Rhemensis"	329
"129_SmSMa_PrInExP"	"Smaragdus S. Maximini"	"Praefatio in expositionem Psalmorum"	418
"129_SteVi_EpEtPr2"	"Stephanus VI"	"Epistolae et privilegia"	1794
"129_SteV_EpDiEtP"	"Stephanus V"	"Epistolae, diplomata et privilegia"	15635
"129_WolHas_CaDeSWa"	"Wolfhardus Hasenrietanus"	"Carmen de S. Walpurge"	48
"129_WolHas_PrInLiS2"	"Wolfhardus Hasenrietanus"	"Praefationes in libros suos de actis Sanctorum"	135
"129_WolHas_ViSWa"	"Wolfhardus Hasenrietanus"	"Vita S. Walpurgis"	1129
"130_AurCar_Episto205"	"Aurelius Carthaginensis"	"Epistola"	106
"130_DamPap_Rescri2"	"Damasus papa"	"Rescriptum"	364
"130_IsiMer_ColDec"	"Isidorus Mercator"	"Collectio decretalium"	528184
"130_PrMaVa_OpDeNoA"	"Probus Marcus Valerius"	"Opusculum de notis antiquis"	7409
"131_AnaIii_Privil13"	"Anastasius III"	"Privilegia"	1069
"131_AucInc_Epitap12"	"Auctor incertus"	"Epitaphium"	50
"131_AuInReA_Episto210"	"Auctor incertus (Remigius Antissiodorensis?)"	"Epistolae"	2882
"131_BenIv_Episto209"	"Benedictus IV"	"Epistolae"	1366
"131_BenIv_Privil12"	"Benedictus IV"	"Privilegium"	579
"131_ChrAnt_Diplom8"	"Christophorus antipapa"	"Diploma"	503
"131_ChrAnt_NotHis209"	"Christophorus antipapa"	"Notitia historica"	60
"131_FulRhe_Episto206"	"Fulco Rhemensis"	"Epistolae"	848
"131_HatMog_Episto211"	"Hatto Moguntinus"	"Epistola"	1072
"131_JoaIx_CaDeElP"	"Joannes IX"	"Canon de electione papae"	120
"131_JoaIx_Episto208"	"Joannes IX"	"Epistolae"	4377
"131_JoaIx_PrInCoR"	"Joannes IX"	"Praelocutio in concilio Ravennate"	222
"131_ManCat_Episto207"	"Mantio Catalaunensis"	"Epistola"	216
"131_MarMon_PrInLiM2"	"Martinianus monachus"	"Prologus in libros morales"	577
"131_NotBal_DeInDiS"	"Notkerus Balbulus"	"De interpretibus divinarum Scripturarum"	4006
"131_NotBal_EpAdRu3"	"Notkerus Balbulus"	"Epistola ad Ruodpertum"	277
"131_NotBal_Formul3"	"Notkerus Balbulus"	"Formulae"	2133
"131_NotBal_Martyr9"	"Notkerus Balbulus"	"Martyrologium"	61265
"131_NotBal_Sequen"	"Notkerus Balbulus"	"Sequentiae"	6228
"131_RemAnt_CoInGe5"	"Remigius Antissiodorensis"	"Commentarius in Genesim"	38266
"131_RemAnt_DeDeEc"	"Remigius Antissiodorensis"	"De dedicatione ecclesiae"	9267
"131_RemAnt_DeMus3"	"Remigius Antissiodorensis"	"De musica"	16959
"131_RemAnt_EnInPs2"	"Remigius Antissiodorensis"	"Enarrationes in Psalmos"	381176
"131_RemAnt_Homili14"	"Remigius Antissiodorensis"	"Homiliae"	32699
"131_RicSue_Statut3"	"Riculfus Suessionensis"	"Statuta"	3743
"131_SerIii_EpEtPr3"	"Sergius III"	"Epistolae et privilegia"	4738
"132_AbbSan_DeBePa4"	"Abbo Sangermanensis"	"De bello Parisiaco"	1247
"132_AbbSan_Sermon22"	"Abbo Sangermanensis"	"Sermones"	6978
"132_AgiNar_HiAbVa"	"Agio Narbonensis"	"Historia abbatiae Vabrensis"	1787
"132_AucInc_ConChr"	"Auctor incertus"	"Continuatio Chronici"	7564
"132_AucVar_ApAuVe"	"Auctores varii"	"Appendix auctorum veterum"	15899
"132_AucVar_Elogia5"	"Auctores varii"	"Elogia"	1266
"132_BerVir_ConExc"	"Bertarius Virdunensis"	"Continuatio excerpti"	4101
"132_BerVir_ExInGeP"	"Bertarius Virdunensis"	"Excerptum in gestis pontificum S. Virdunensis ecclesiae"	3326
"132_ConRem_Acta6"	"Concilium Remense"	"Acta"	538
"132_ConRem_Acta8"	"Concilium Remense"	"Acta"	155
"132_ConTro_Acta7"	"Concilium Trosleianum"	"Acta"	25942
"132_DadVir_FrHiDeV"	"Dado Virdunensis"	"Fragmentum historicum de vita Hattonis et Berhardi"	470
"132_FloRem_NotHis227"	"Flodoardus Remensis"	"Notitia historica"	344
"132_HerRhe_EpAdWi"	"Hervaeus Rhemensis"	"Epistola ad Witonem"	4859
"132_HuSAm_Adnota6"	"Hucbaldus S. Amandi"	"Adnotationes"	302
"132_HuSAm_CoHiDeS"	"Hucbaldus S. Amandi"	"Commentarius historicus de S. Jonato"	5263
"132_HuSAm_DeHaIn"	"Hucbaldus S. Amandi"	"De harmonica institutione"	21989
"132_HuSAm_DeToEtP"	"Hucbaldus S. Amandi"	"De tonis et psalmis modulandis"	3625
"132_HuSAm_DeTrEtM"	"Hucbaldus S. Amandi"	"De translationibus et miraculis S. Rictrudis"	1122
"132_HuSAm_Eclogi"	"Hucbaldus S. Amandi"	"Eclogia"	1096
"132_HuSAm_EpDeSTh"	"Hucbaldus S. Amandi"	"Epistola de S. Theoderico"	466
"132_HuSAm_EpiMet3"	"Hucbaldus S. Amandi"	"Epistola metrica"	463
"132_HuSAm_EpiMil"	"Hucbaldus S. Amandi"	"Epitaphium Milonis"	42
"132_HuSAm_Epitap13"	"Hucbaldus S. Amandi"	"Epitaphium"	160
"132_HuSAm_HyDeSTh"	"Hucbaldus S. Amandi"	"Hymnus de S. Theoderico"	287
"132_HuSAm_MusEnc"	"Hucbaldus S. Amandi"	"Musica enchiriadis"	5764
"132_HuSAm_PaSsQuE"	"Hucbaldus S. Amandi"	"Passio SS. Quirici et Julittae"	3245
"132_HuSAm_SchEnc"	"Hucbaldus S. Amandi"	"Scholia enchiriadis"	15407
"132_HuSAm_ViSAl4"	"Hucbaldus S. Amandi"	"Vita S. Aldegundis"	7442
"132_HuSAm_ViSLe4"	"Hucbaldus S. Amandi"	"Vita S. Lebwini"	7512
"132_HuSAm_ViSRi"	"Hucbaldus S. Amandi"	"Vita S. Rictrudis"	8255
"132_JoaXi_EpEtPr6"	"Joannes XI"	"Epistolae et privilegia"	2709
"132_JoaX_EpEtPr4"	"Joannes X"	"Epistolae et privilegia"	5691
"132_LeoVii_EpEtPr7"	"Leo VII"	"Epistolae et privilegia"	9636
"132_LeoVi_Episto213"	"Leo VI"	"Epistola"	319
"132_OdiSue_DeTrRe"	"Odilo Suessionensis"	"De translatione reliquiarum"	22034
"132_OdiSue_Episto212"	"Odilo Suessionensis"	"Epistola"	298
"132_OdiSue_Sermon21"	"Odilo Suessionensis"	"Sermones"	5573
"132_RadDol_EpAdAdR"	"Radbodus Dolensis"	"Epistola ad Adelstanum regem"	287
"132_RadTra_Carmin25"	"Radbodus Trajectensis"	"Carmina"	1541
"132_RadTra_Chroni20"	"Radbodus Trajectensis"	"Chronicum"	125
"132_RadTra_SeEtHo"	"Radbodus Trajectensis"	"Sermones et homiliae"	3908
"132_RayTol_ChPrFuA"	"Raymundus Tolosanus"	"Charta pro fundatione abbatiae Vabrensis"	883
"132_RegPru_Chroni19"	"Regino Prumiensis"	"Chronicon"	50219
"132_RegPru_DeEcDi2"	"Regino Prumiensis"	"De ecclesiasticis disciplinis"	93677
"132_RegPru_DeHar"	"Regino Prumiensis"	"De harmonica"	8464
"132_RobMet_DiEtEp"	"Robertus Metensis"	"Diplomata et epistolae"	3237
"132_SalCon_Versus8"	"Salomon Constantiensis"	"Versus"	5028
"132_SteLeo_ViSLa"	"Stephanus Leodiensis"	"Vita S. Lamberti"	6327
"132_SteVii_EpEtPr5"	"Stephanus VII"	"Epistolae et privilegia"	1442
"132_SteVii_EpEtPr8"	"Stephanus VIII"	"Epistolae et privilegia"	1193
"132_WalSen_Statut4"	"Walterius Senonensis"	"Statuta"	639
"133_AgaIi_EpEtPr10"	"Agapetus II"	"Epistolae et privilegia"	16542
"133_ArtRhe_Episto215"	"Arthaldus Rhemensis"	"Epistola"	2366
"133_AucInc_SeInNaS2"	"Auctor incertus"	"Sermo in natali S. Odonis"	1037
"133_AuInOdC_DeTrBMa"	"Auctor incertus (Odo Cluniacensis?)"	"De translatione B. Martini"	5178
"133_AuInOsC_ViSOd5"	"Auctor incertus (Osbernus Cantuariensis?)"	"Vita S. Odonis"	599
"133_BerClu_Testam10"	"Berno Cluniacensis"	"Testamentum"	782
"133_CapSta_ViSOd3"	"Cappidus Stavriensis"	"Vita S. Odulphi"	2195
"133_CosJap_Carmen6"	"Cosmas Japygus"	"Carmen"	1157
"133_Frideg_ViSWi3"	"Fridegodus"	"Vita S. Wilfridi"	12147
"133_JoaIta_DeMir"	"Joannes Italus"	"De miraculis"	256
"133_JoaIta_ViSOd"	"Joannes Italus"	"Vita S. Odonis"	2317
"133_JoaXii_EpEtPr11"	"Joannes XII"	"Epistolae et privilegia"	12872
"133_LauCas_Sermo3"	"Laurentius Cassinensis"	"Sermo"	1468
"133_LeoMat_Donati3"	"Leotaldus Matisconensis"	"Donatio"	258
"133_LuIvFrC_Praece4"	"Ludovicus IV Franciae; Conradus imperator"	"Praecepta"	905
"133_MarIi_EpEtPr9"	"Marinus II"	"Epistolae et privilegia"	676
"133_NalClu_ViSOd2"	"Nalgodus Cluniacensis"	"Vita S. Odonis"	10737
"133_OdaRhe_SeCoSa"	"Odalricus Rhemensis"	"Sententia contra sacrilegos"	190
"133_OdoCan_Consti2"	"Odo Cantuariensis"	"Constitutiones"	1385
"133_OdoCan_Episto214"	"Odo Cantuariensis"	"Epistola"	397
"133_OdoCan_EpiSyn3"	"Odo Cantuariensis"	"Epistola synodalis"	306
"133_OdoClu_AnDeBMa"	"Odo Cluniacensis"	"Antiphonae de B. Martino"	351
"133_OdoClu_Collat2"	"Odo Cluniacensis"	"Collationes"	5777
"133_OdoClu_Hymni9"	"Odo Cluniacensis"	"Hymni"	694
"133_OdoClu_MoInJo"	"Odo Cluniacensis"	"Moralia in Job"	19047
"133_OdoClu_OpDeMu"	"Odo Cluniacensis"	"Opuscula de musica"	2628
"133_OdoClu_Sermon23"	"Odo Cluniacensis"	"Sermones"	18147
"133_OdoClu_ViSGe3"	"Odo Cluniacensis"	"Vita S. Geraldi"	29924
"133_RorLau_Consti3"	"Rorico Laudunensis"	"Constitutio"	375
"133_SigTre_DeMiSMa2"	"Sigehardus Trevirensis"	"De miraculis S. Maximini"	3675
"133_WilArv_Testam9"	"Willelmus Arvernorum"	"Testamentum"	146
"134_AdaEpi_DeStVi"	"Adalgerus episcopus"	"De studio virtutum"	11163
"134_AttVer_Capitu15"	"Atto Vercellensis"	"Capitulare"	9946
"134_AttVer_DePrEc"	"Atto Vercellensis"	"De pressuris ecclesiasticis"	19664
"134_AttVer_Episto216"	"Atto Vercellensis"	"Epistolae"	13167
"134_AttVer_ExEpSPa"	"Atto Vercellensis"	"Expositio epistolarum S. Pauli"	326788
"134_AttVer_Praefa149"	"Atto Vercellensis"	"Praefatio"	982
"134_AttVer_Sermon24"	"Atto Vercellensis"	"Sermones"	1045
"134_AtVeAuV_Testam11"	"Atto Vercellensis; Auctores varii"	"Testamentum"	2396
"134_AucInc_LiInHoS"	"Auctor incertus"	"Litania in honorem S. Eusebii"	240
"134_AuInAtV_Polypt"	"Auctor incertus (Atto Vercellensis?)"	"Polypticum"	6122
"134_AuInAtV_TeAlPo"	"Auctor incertus (Atto Vercellensis?)"	"Textus alter Polyptici"	5835
"134_Balder_NotHis243"	"Baldericus"	"Notitia historica"	57
"134_BruCol_Diplom9"	"Bruno Coloniensis"	"Diploma"	452
"134_GuiCab_Narrat"	"Guillelmus Cabillonensis"	"Narratio"	1674
"134_LeoVii_PrEtCo"	"Leo VIII"	"Privilegia et constitutiones"	3648
"134_RuoCol_ViSBr"	"Ruotgerus Coloniensis"	"Vita S. Brunonis"	1544
"134_UthArg_ViSAr"	"Utho Argentinensis"	"Vita S. Arbogasti"	1571
"134_WibCam_LudCle"	"Wiboldus Cameracensis"	"Ludus clericalis"	2531
"135_AucInc_OfSUd"	"Auctor incertus"	"Officium S. Udalrici"	1165
"135_AucInc_ViSMa12"	"Auctor incertus"	"Vita S. Mathildis"	12741
"135_AucVar_ApAdHiE"	"Auctores varii"	"Appendix ad historiam ecclesiae Remensis"	4679
"135_AucVar_TeEtEl2"	"Auctores varii"	"Testimonia et elogia"	607
"135_AuInUdA_SerSyn"	"Auctor incertus (Udalricus Augustanus?)"	"Sermo synodalis"	1813
"135_BenVi_EpEtPr12"	"Benedictus VI"	"Epistolae et privilegia"	4419
"135_EraLeo_Episto217"	"Eraclius Leodiensis"	"Epistola"	553
"135_EraLeo_ReMiSMa"	"Eraclius Leodiensis"	"Relatio miraculi S. Martini"	834
"135_FloRem_Annale3"	"Flodoardus Remensis"	"Annales"	24721
"135_FloRem_Auctar"	"Flodoardus Remensis"	"Auctarium"	594
"135_FloRem_DeTrChA"	"Flodoardus Remensis"	"De triumphis Christi Antiochiae"	17782
"135_FloRem_DeTrChA2"	"Flodoardus Remensis"	"De triumphis Christi apud Italiam"	107884
"135_FloRem_DeTrChS"	"Flodoardus Remensis"	"De triumphis Christi sanctorumque Palestinae"	22184
"135_FloRem_HiEcRe"	"Flodoardus Remensis"	"Historia ecclesiae Remensis"	141547
"135_FloRem_Invoca"	"Flodoardus Remensis"	"Invocatio"	325
"135_GerPre_ViSUd"	"Gerardus presbyter"	"Vita S. Udalrici"	26925
"135_GumMan_VitVen2"	"Gumpoldus Mantuanus"	"Vita Vencezlavi"	7111
"135_JoaXii_EpEtDe26"	"Joannes XIII"	"Epistolae et decreta"	19777
"135_UdaAug_Charta7"	"Udalricus Augustanus"	"Charta"	371
"136_AdaMet_PrAdHeP"	"Adalbertus Metensis"	"Prologus ad Herimannum presbyterum"	593
"136_AntHis_Disqui5"	"Antonius Hispalensis"	"Disquisitio"	15506
"136_AucInc_RhAnVe"	"Auctor incertus"	"Rhythmica antiqua Veronae"	736
"136_AucInc_SeInFeS2"	"Auctor incertus"	"Sermo in festo SS. Firmi et Rustici"	896
"136_AuInLiC_Advers"	"Auctor incertus (Liutprandus Cremonensis?)"	"Adversaria"	19766
"136_AuInLiC_Chroni21"	"Auctor incertus (Liutprandus Cremonensis?)"	"Chronicon"	13896
"136_FolLau_Chartu"	"Folcuinus Laubiensis"	"Chartularium"	42207
"136_GuGrNo_EpAdFrA"	"Gunzo Grammaticus Novariensis"	"Epistola ad Fratres Augienses"	8091
"136_LiuCre_Antapo"	"Liutprandus Cremonensis"	"Antapodosis"	43956
"136_LiuCre_DeReGeO"	"Liutprandus Cremonensis"	"De rebus gestis Ottonis Imperatoris"	4724
"136_LiuCre_ReDeLeC"	"Liutprandus Cremonensis"	"Relatio de legatione Constantinopolitana"	11688
"136_OttI_Privil14"	"Otto I"	"Privilegium"	749
"136_RatVer_Apolog4"	"Ratherius Veronensis"	"Apologeticus"	3115
"136_RatVer_CoAcDeL"	"Ratherius Veronensis"	"Conclusio acta deliberativa Leodici"	1711
"136_RatVer_ConQua"	"Ratherius Veronensis"	"Conjectura qualitatis"	7699
"136_RatVer_DeCoCa"	"Ratherius Veronensis"	"De contemptu canonum"	12398
"136_RatVer_DeEtLi"	"Ratherius Veronensis"	"Decreta et libellus"	1331
"136_RatVer_DeNuIlC"	"Ratherius Veronensis"	"De nuptu illicito cujusdam"	142
"136_RatVer_DeOtSe"	"Ratherius Veronensis"	"De otioso sermone"	1934
"136_RatVer_DePrLa"	"Ratherius Veronensis"	"De proprio lapsu"	1484
"136_RatVer_DeReClS"	"Ratherius Veronensis"	"De rebellibus clericis sibi"	866
"136_RatVer_DeTrSMe"	"Ratherius Veronensis"	"De translatione S. Metronis"	8646
"136_RatVer_DiaCon"	"Ratherius Veronensis"	"Dialogus confessionalis"	19479
"136_RatVer_Discor"	"Ratherius Veronensis"	"Discordia"	3173
"136_RatVer_Episto218"	"Ratherius Veronensis"	"Epistolae"	12545
"136_RatVer_ExEtPr"	"Ratherius Veronensis"	"Exhortatio et preces"	1795
"136_RatVer_Itiner4"	"Ratherius Veronensis"	"Itinerarium"	6102
"136_RatVer_JuSeDoC"	"Ratherius Veronensis"	"Judicatum, seu Dotatio clericorum"	2045
"136_RatVer_Phrene"	"Ratherius Veronensis"	"Phrenesis"	782
"136_RatVer_Praelo2"	"Ratherius Veronensis"	"Praeloquia"	8373
"136_RatVer_Sermon25"	"Ratherius Veronensis"	"Sermones"	27987
"136_RatVer_Synodi2"	"Ratherius Veronensis"	"Synodica"	3549
"136_RatVer_Testam12"	"Ratherius Veronensis"	"Testamentum"	475
"136_RatVer_ViSUr"	"Ratherius Veronensis"	"Vita S. Ursmari"	2795
"136_RicFlo_CoEtJuE"	"Richardus Floriacensis"	"Consuetudines et jura Ecclesiae de regula"	2775
"137_AdaPra_HoInNaS"	"Adalbertus Pragensis"	"Homilia in natale S. Alexi confessoris"	1
"137_AdaRem_Episto220"	"Adalbero Remensis"	"Epistolae"	5338
"137_AdaRem_InMoInM"	"Adalbero Remensis"	"Introductio monachorum in monasterium Mosomense"	4795
"137_AdsDer_DeMiSWa"	"Adso Dervensis"	"De miraculis S. Waldeberti"	4975
"137_AdsDer_DeTrEtM2"	"Adso Dervensis"	"De translatione et miraculis S. Basoli"	3573
"137_AdsDer_ViSBa2"	"Adso Dervensis"	"Vita S. Basoli"	6382
"137_AdsDer_ViSBe2"	"Adso Dervensis"	"Vita S. Bercharii"	7258
"137_AdsDer_ViSFr3"	"Adso Dervensis"	"Vita S. Frodoberti"	8097
"137_AdsDer_ViSMa13"	"Adso Dervensis"	"Vita S. Mansueti"	10265
"137_AgiPre_DiDeObS"	"Agius presbyter"	"Dialogus de obitu S. Hathumodae"	5441
"137_AgiPre_ViSHa"	"Agius presbyter"	"Vita S. Hathumodae"	6914
"137_AucInc_ApAdTrC"	"Auctor incertus"	"Appendix ad translationem corporis S. Hunegundis"	2649
"137_AucVar_ChSMa"	"Auctores varii"	"Chartularium S. Maioli"	641
"137_AucVar_EpSoLi"	"Auctores varii"	"Epigrammata sodalitatis litterariae"	461
"137_AucVar_TeVeDeA"	"Auctores varii"	"Testimonia veterum de Aymardo Cluniacensi"	1366
"137_AymClu_Chartu2"	"Aymardus Cluniacensis"	"Chartularium"	1446
"137_AymClu_ElSMaIn"	"Aymardus Cluniacensis"	"Electio S. Maioli in abbatem Cluniacensem"	467
"137_BenVii_EpEtPr13"	"Benedictus VII"	"Epistolae et privilegia"	17936
"137_BerHum_DeTrCoS2"	"Bernerus Humolariensis"	"De translatione corporis S. Hunegundis apud Viromanduos"	5151
"137_BerHum_DeViSHu"	"Bernerus Humolariensis"	"De vita S. Hunegundis"	4478
"137_ConCel_PrAdFrI"	"Conradus Celtis"	"Praefatio ad Fridericum III electorem Saxoniae"	1907
"137_DunCan_EpAdWuS"	"Dunstanus Cantuariensis"	"Epistola ad Wulfsinum Schireburnensem"	563
"137_DunCan_ReCoMoA"	"Dunstanus Cantuariensis"	"Regularis concordia monachorum Anglicae nationis"	12858
"137_ErkArg_LegMun"	"Erkembaldus Argentinensis"	"Leges municipales"	4291
"137_ErkArg_Poemat4"	"Erkembaldus Argentinensis"	"Poematia"	49
"137_ErkArg_Suspir"	"Erkembaldus Argentinensis"	"Suspirium"	414
"137_FolLau_DeGeAbL"	"Folcuinus Laubiensis"	"De gestis abbatum Laubiensium"	13848
"137_FolLau_ViSFoTa"	"Folcuinus Laubiensis"	"Vita S. Folcuini Tarvennensis"	5367
"137_GezDer_DeCoEtS4"	"Gezo Dertonensis"	"De corpore et sanguine Christi"	17581
"137_GreV_EpEtPr15"	"Gregorius V"	"Epistolae et privilegia"	15304
"137_GuIiPo_DeReScM"	"Guido II Podiensis"	"De restitutione scriptorum monasteriis"	325
"137_GuIiPo_StAdCoP"	"Guido II Podiensis"	"Statuta ad conciliandam pacem inter Christianos"	557
"137_HelSan_DeCom3"	"Helpericus Sangalliensis"	"De computo"	14631
"137_HroGan_AdGeAbI"	"Hrothsuita Gandersheimensis"	"Ad Gerbergam abbatissam in Gandersheim"	80
"137_HroGan_Argume2"	"Hrothsuita Gandersheimensis"	"Argumentum"	292
"137_HroGan_CaDeGeO"	"Hrothsuita Gandersheimensis"	"Carmen de gestis Oddonis I"	6788
"137_HroGan_CaDePrC"	"Hrothsuita Gandersheimensis"	"Carmen de primordiis coenobii Gardersheimensis"	4104
"137_HroGan_Comoed"	"Hrothsuita Gandersheimensis"	"Comoediae"	23434
"137_HroGan_Episto221"	"Hrothsuita Gandersheimensis"	"Epistola"	464
"137_HroGan_HiAsDo"	"Hrothsuita Gandersheimensis"	"Historia ascensionis Domini"	1257
"137_HroGan_HiDeCoP"	"Hrothsuita Gandersheimensis"	"Historia de conversione Proterii"	2126
"137_HroGan_HiInGeD"	"Hrothsuita Gandersheimensis"	"Historia intactae Genitricis Dei"	6396
"137_HroGan_HiPaSAg"	"Hrothsuita Gandersheimensis"	"Historia passionis S. Agnetis"	3734
"137_HroGan_HiPaSDi"	"Hrothsuita Gandersheimensis"	"Historia passionis S. Dionysii Egregii"	2142
"137_HroGan_LaEtCoT"	"Hrothsuita Gandersheimensis"	"Lapsus et conversio Theophili Vicedomini"	3506
"137_HroGan_PaSGa"	"Hrothsuita Gandersheimensis"	"Passio S. Gangolfi"	4301
"137_HroGan_PaSPe"	"Hrothsuita Gandersheimensis"	"Passio S. Pelagii"	3197
"137_HroGan_Praefa152"	"Hrothsuita Gandersheimensis"	"Praefatio"	431
"137_HroGan_PrInHiG"	"Hrothsuita Gandersheimensis"	"Praefatio in historiam Genetricis Dei"	227
"137_HroGan_PrInViC"	"Hrothsuita Gandersheimensis"	"Praefatio in VI comoedias"	380
"137_JoaCan_ViSAd"	"Joannes Canaparius"	"Vita S. Adalberti"	13102
"137_JoaXiv_EpAdAlB"	"Joannes XIV"	"Epistola ad Alonem Beneventanum"	784
"137_JoaXv_EpEtPr14"	"Joannes XV"	"Epistolae et privilegia"	10555
"137_JoSArMe_HiTrSGl"	"Joannes S. Arnulfi Metensis"	"Historia translationis S. Glodesindis Metensis"	9334
"137_JoSArMe_ViJoGo"	"Joannes S. Arnulfi Metensis"	"Vita Joannis Gorziensis"	28497
"137_JoSArMe_ViSGlMe"	"Joannes S. Arnulfi Metensis"	"Vita S. Glodesindis Metensis"	2209
"137_LetMic_DeCoSJu"	"Letaldus Miciacensis"	"Delatio corporis S. Juniani"	600
"137_LetMic_LiMiSMa"	"Letaldus Miciacensis"	"Liber miraculorum S. Maximini"	1221
"137_LetMic_ViSJuCe"	"Letaldus Miciacensis"	"Vita S. Juliani Cenomanensis"	5693
"137_MaiClu_ElSOd"	"Maiolus Cluniacensis"	"Electio S. Odilonis"	512
"137_OdoAus_EpAdGaA"	"Odo Ausciensis"	"Epistola ad Garciam Ausciensem"	839
"137_OsbCan_ViSDu"	"Osbernus Cantuariensis"	"Vita S. Dunstani"	28551
"137_Sigebe_RhInHoT"	"Sigebertus"	"Rhythmi in honorem Theoderici"	196
"137_SyrClu_ViSMa14"	"Syrus Cluniacensis"	"Vita S. Maioli"	14685
"137_TheMet_EpEvCo"	"Theodericus Metensis"	"Epitaphium Evrardi comitis"	227
"137_TheMet_InvSan"	"Theodericus Metensis"	"Inventio sanctorum"	2175
"137_WidCor_ReGeSa"	"Widukindus Corbeiensis"	"Res gestae Saxonicae"	31241
"137_WigPhy_Episto219"	"Wigo Phyuhtvangensis"	"Epistolae"	2806
"137_WolWin_EpAdElW"	"Wolstanus Wintoniensis"	"Epistola ad Elfegum Wentanum"	244
"137_WolWin_ViSEt"	"Wolstanus Wintoniensis"	"Vita S. Ethelwoldi"	12241
"138_Aethel_LeEcCoG"	"Aethelstanus"	"Leges ecclesiasticae concilii Grateleani"	1217
"138_Aethel_LeEcPrV"	"Aethelstanus"	"Legum ecclesiasticarum prisca versio"	2826
"138_AlbEre_EpAdHe3"	"Albuinus Eremita"	"Epistola ad Heribertum"	360
"138_AlfMag_LegEcc"	"Alfredus Magnus"	"Leges ecclesiasticae"	1419
"138_AlfMag_PrAdLeS"	"Alfredus Magnus"	"Praefatio ad leges suas"	2145
"138_AlMaGuA_LegEcc2"	"Alfredus Magnus; Guthurnus Anglodanorum"	"Leges ecclesiasticae"	978
"138_AmbSol_EpAdHe4"	"Amblardus Sollemniacensis"	"Epistola ad Herveum"	204
"138_AucInc_Acclam"	"Auctor incertus"	"Acclamationes"	450
"138_AucInc_BeCoEtO"	"Auctor incertus"	"Benedictiones, consecrationes, et ordinationes variae"	9092
"138_AucInc_BenArm"	"Auctor incertus"	"Benedictio armorum"	656
"138_AucInc_BenCer3"	"Auctor incertus"	"Benedictio cereorum"	1495
"138_AucInc_BenCin"	"Auctor incertus"	"Benedictio cinerum"	64
"138_AucInc_BenOle"	"Auctor incertus"	"Benedictio olei"	4071
"138_AucInc_BenPal"	"Auctor incertus"	"Benedictio palmarum"	2122
"138_AucInc_BenReg"	"Auctor incertus"	"Benedictio reginae"	940
"138_AucInc_BenVar"	"Auctor incertus"	"Benedictiones variae"	2026
"138_AucInc_BenVar2"	"Auctor incertus"	"Benedictiones variae"	1561
"138_AucInc_BePuSeU"	"Auctor incertus"	"Benedicito puerperae secundum usum Aethiopum"	805
"138_AucInc_BeSaEtA"	"Auctor incertus"	"Benedictio salis et aquae"	565
"138_AucInc_CaDeMoG"	"Auctor incertus"	"Carmen de monasterio Gemmeticensi"	1429
"138_AucInc_CaEdSuE"	"Auctor incertus"	"Canones editi sub Edgardo rege"	7293
"138_AucInc_CaPrCo"	"Auctor incertus"	"Canonum prisca collectio"	15187
"138_AucInc_CoCaIi"	"Auctor incertus"	"Coronatio Caroli II"	2317
"138_AucInc_CoHeRe"	"Auctor incertus"	"Coronatio Hermintrudis reginae"	1319
"138_AucInc_CoLuIi"	"Auctor incertus"	"Coronatio Ludovici II"	1335
"138_AucInc_CorArn"	"Auctor incertus"	"Coronatio Arnulfi"	84
"138_AucInc_DeFuMoS"	"Auctor incertus"	"De fundatione monasterii S. Arnulfi Metensis"	3175
"138_AucInc_DeGeEpA"	"Auctor incertus"	"De gestis episcoporum Antissiodorensium"	78025
"138_AucInc_DePrMo"	"Auctor incertus"	"De prandio monachorum"	2545
"138_AucInc_DeSuSHi"	"Auctor incertus"	"De successoribus S. Hidulphi in Vosago"	5988
"138_AucInc_ElLuAr"	"Auctor incertus"	"Electio Ludovici Arelatensis"	498
"138_AucInc_ElReBo"	"Auctor incertus"	"Electio regis Bosonis"	1485
"138_AucInc_ElReOd"	"Auctor incertus"	"Electio regis Odonis"	199
"138_AucInc_ElReWi"	"Auctor incertus"	"Electio regis Widonis"	914
"138_AucInc_EpiCan"	"Auctor incertus"	"Epistola canonica"	918
"138_AucInc_ExSuMi"	"Auctor incertus"	"Expositio super missam"	1162
"138_AucInc_FrKaLu"	"Auctor incertus"	"Fragmentum Kalendarii Lucensis"	606
"138_AucInc_FrLiGa"	"Auctor incertus"	"Fragmenta liturgiae Gallicanae"	601
"138_AucInc_FrMiLa"	"Auctor incertus"	"Fragmentum Missae Latinae"	2859
"138_AucInc_FrStCaT"	"Auctor incertus"	"Fragmentum Statutorum Canonicorum Turonensium"	411
"138_AucInc_JudPoe"	"Auctor incertus"	"Judicium poenitentis"	15556
"138_AucInc_KalAnt3"	"Auctor incertus"	"Kalendarium antiquissimum"	1307
"138_AucInc_KalFlo"	"Auctor incertus"	"Kalendarium Floriacense"	1149
"138_AucInc_KalSta"	"Auctor incertus"	"Kalendarium Stabulense"	4408
"138_AucInc_KalVal"	"Auctor incertus"	"Kalendarium Vallumbrosanum"	2078
"138_AucInc_KalVer"	"Auctor incertus"	"Kalendarium Verdinense"	2796
"138_AucInc_LiCoASP"	"Auctor incertus"	"Litaniae constitutae a S. patribus"	847
"138_AucInc_LitAre"	"Auctor incertus"	"Litaniae Arelatenses"	215
"138_AucInc_LitByz"	"Auctor incertus"	"Litaniae Byzuntinae"	264
"138_AucInc_LitCar"	"Auctor incertus"	"Litaniae Carolinae"	1273
"138_AucInc_MaEcAn"	"Auctor incertus"	"Martyrologium ecclesiae Antissiodorensis"	21275
"138_AucInc_MarBed"	"Auctor incertus"	"Martyrologium Bedae"	3496
"138_AucInc_MiGaXi"	"Auctor incertus"	"Missae Gallicanae XI"	6284
"138_AucInc_MisAet"	"Auctor incertus"	"Missa Aethiopum"	9535
"138_AucInc_MisLat"	"Auctor incertus"	"Missa Latina"	1357
"138_AucInc_NecGer"	"Auctor incertus"	"Necrologium Gerundense"	282
"138_AucInc_ObCiMo"	"Auctor incertus"	"Obsequium circa morientes"	1396
"138_AucInc_OrAdReB"	"Auctor incertus"	"Ordo ad regem benedicendum"	2851
"138_AucInc_OrAdViI"	"Auctor incertus"	"Ordo ad visitandum infirmum"	1418
"138_AucInc_Oratio3"	"Auctor incertus"	"Orationes"	420
"138_AucInc_OrBaSeU"	"Auctor incertus"	"Ordo baptismi secundum usum Aethiopum"	10057
"138_AucInc_OrCoDa"	"Auctor incertus"	"Orationes contra Daemoniacum"	7078
"138_AucInc_OrdBap"	"Auctor incertus"	"Ordo baptismatis"	3786
"138_AucInc_OrDeDeE"	"Auctor incertus"	"Ordo de dedicatione ecclesiae"	8724
"138_AucInc_OrDeSaO"	"Auctor incertus"	"Ordo de sacris ordinibus"	5246
"138_AucInc_OrdExc"	"Auctor incertus"	"Ordo excommunicationis"	1888
"138_AucInc_PoeGer"	"Auctor incertus"	"Poenitentiale Gerundense"	1107
"138_AucInc_ProVar"	"Auctor incertus"	"Probationes variae"	5092
"138_AucInc_SeDeSCl"	"Auctor incertus"	"Sermo de S. Clodoaldo"	3545
"138_AucInc_VeInCoD"	"Auctor incertus"	"Versus in coena Domini et Parasceve, et Sabbato Sancto"	4457
"138_AucVar_AcCoAdS"	"Auctores varii"	"Acta conventus ad Sablonarias"	3151
"138_AucVar_AcCoAdT"	"Auctores varii"	"Acta conventus ad Theodonis villam"	2036
"138_AucVar_AcCoApG"	"Auctores varii"	"Acta conventus apud Gundulfi villam"	328
"138_AucVar_AcCoApL"	"Auctores varii"	"Acta conventus apud Leucidum"	710
"138_AucVar_AcCoApM"	"Auctores varii"	"Acta conventus apud Marsnam"	1051
"138_AucVar_AcCoApM2"	"Auctores varii"	"Acta conventus apud Marsnam II"	1362
"138_AucVar_AcCoApP"	"Auctores varii"	"Acta conventus apud Pistas"	2301
"138_AucVar_AcCoApS"	"Auctores varii"	"Acta conventus apud Sanctum Quintinum"	946
"138_AucVar_AcCoApS2"	"Auctores varii"	"Acta conventus apud Saponarias"	2359
"138_AucVar_AcCoApV"	"Auctores varii"	"Acta conventus apud Valentianas"	394
"138_AucVar_AcCoAt"	"Auctores varii"	"Acta conventus Attiniacensis"	607
"138_AucVar_AcCoCa"	"Auctores varii"	"Acta conventus Carisiacensis"	2866
"138_AucVar_AcCoCa2"	"Auctores varii"	"Acta conventus Carisiacensis"	298
"138_AucVar_AcCoCa3"	"Auctores varii"	"Acta conventus Carisiacensis"	3886
"138_AucVar_AcCoCo"	"Auctores varii"	"Acta conventus Confluentiae"	572
"138_AucVar_AcCoDi"	"Auctores varii"	"Acta conventus Diusburgensis"	59
"138_AucVar_AcCoEr"	"Auctores varii"	"Acta conventus Erfordiensis"	452
"138_AucVar_AcCoFu"	"Auctores varii"	"Acta conventus Furonensis"	870
"138_AucVar_AcCoIn"	"Auctores varii"	"Acta conventus Ingelheimensis"	279
"138_AucVar_AcCoInB"	"Auctores varii"	"Acta conventus in basilica S. Castoris apud Confluentes"	4332
"138_AucVar_AcCoInV"	"Auctores varii"	"Acta conventus in villa Colonia"	1239
"138_AucVar_AcCoInV2"	"Auctores varii"	"Acta conventus in villa Sparnaco"	2758
"138_AucVar_AcCoMe"	"Auctores varii"	"Acta conventus Mettis"	252
"138_AucVar_AcCoMo"	"Auctores varii"	"Acta conventus Moguntini"	3242
"138_AucVar_AcCoSi"	"Auctores varii"	"Acta conventus Silvacensis"	2121
"138_AucVar_AcCoTi"	"Auctores varii"	"Acta conventus Ticinensis"	7633
"138_AucVar_AcCoTi2"	"Auctores varii"	"Acta conventus Ticinensis"	1984
"138_AucVar_AcCoTiI"	"Auctores varii"	"Acta conventus Ticinensis II"	2695
"138_AucVar_AcCoTiI2"	"Auctores varii"	"Acta conventus Ticinensis III"	1106
"138_AucVar_AcCoTr"	"Auctores varii"	"Acta concilii Triburiensis"	1612
"138_AucVar_AcSyApT"	"Auctores varii"	"Acta synodi apud Tolosam"	1072
"138_AucVar_AcSyApV"	"Auctores varii"	"Acta synodi apud Vermeriam"	111
"138_AucVar_AcSyAq"	"Auctores varii"	"Acta synodi Aquensis"	580
"138_AucVar_AcSyAqI"	"Auctores varii"	"Acta synodi Aquensis II"	1146
"138_AucVar_AcSyBe"	"Auctores varii"	"Acta synodi Bellovacensis"	430
"138_AucVar_AcSyMe"	"Auctores varii"	"Acta synodi Mettensis"	2555
"138_AucVar_AcSyPi"	"Auctores varii"	"Acta synodus Pistensis"	407
"138_AucVar_AcSyPo"	"Auctores varii"	"Acta synodi Pontigonensis"	188
"138_AucVar_AcSySu"	"Auctores varii"	"Acta synodi Suessionensis"	2597
"138_AucVar_CoAdCaI"	"Auctores varii"	"Consilium ad Carolem II"	553
"138_AucVar_CoInVeP"	"Auctores varii"	"Concilium in Verno palatio"	2066
"138_CaIiCaL_PacAqu"	"Carolus II Calvus; Ludovicus II Germaniae"	"Pactio Aquensis"	296
"138_CaIiCaL_PacTus"	"Carolus II Calvus; Ludovicus"	"Pactum Tusiacense"	2417
"138_CaIiCa_AcCoAt2"	"Carolus II Calvus"	"Acta conventus Attiniacensis"	1048
"138_CaIiCa_CaAdFrE"	"Carolus II Calvus"	"Capitula ad Francos et Aquitanos"	1799
"138_CaIiCa_CaMiAdF"	"Carolus II Calvus"	"Capitula missa ad Francos et Aquitanos"	105
"138_CaIiCa_CapCar"	"Carolus II Calvus"	"Capitulare Carisiacense"	2245
"138_CaIiCa_CapMis"	"Carolus II Calvus"	"Capitula missorum"	544
"138_CaIiCa_CorJud"	"Carolus II Calvus"	"Coronatio Judithae"	872
"138_CaIiCa_EdDeTrN"	"Carolus II Calvus"	"Edictum de tributo Nordmannico"	185
"138_CaIiCa_EdDeTrN2"	"Carolus II Calvus"	"Edictum de tributo Nordmannico"	228
"138_CaIiCa_EdiCar"	"Carolus II Calvus"	"Edictum Carisiacense"	673
"138_CaIiCa_EdiPit"	"Carolus II Calvus"	"Edictum Pitense"	8191
"138_CaLuIiG_PrApCa"	"Carlomannus; Ludovicus II Germaniae"	"Promissio apud Carisiacum"	265
"138_CarIii_CaDeTuE"	"Carolus III"	"Capitula de Tungrensi episcopatu"	1284
"138_Carlom_CaApVeP"	"Carlomannus"	"Capitula apud Vernis palatium"	1998
"138_Carlom_CaInBrC"	"Carlomannus"	"Capitula in broilo Compendii"	146
"138_EdgAng_ChaMal"	"Edgarus Anglorum"	"Charta Malmesburiensis"	368
"138_EdgAng_ChCoNoM"	"Edgarus Anglorum"	"Charta concessa novo monasterio Wintoniae"	3171
"138_EdgAng_ChDeOs"	"Edgarus Anglorum"	"Charta de Oswadeslau"	590
"138_EdgAng_ChInCoL"	"Edgarus Anglorum"	"Charta in concilio Londoniensi"	985
"138_EdgAng_LeEcCoB"	"Edgarus Anglorum"	"Leges ecclesiasticae concilii Brandafordiae"	259
"138_EdgAng_LegEcc6"	"Edgarus Anglorum"	"Leges ecclesiasticae"	822
"138_EdgAng_OrAdDuO"	"Edgarus Anglorum"	"Oratio ad Dunstanum, Oswaldum, et Ethelwaldum"	1031
"138_EdmAng_LeEcPrV2"	"Edmundus Anglorum"	"Legum ecclesiasticarum prisca versio"	1239
"138_EdmAng_LegEcc5"	"Edmundus Anglorum"	"Leges ecclesiasticae"	1063
"138_EdSeGuD_LegEcc3"	"Edwardus senior; Guthurnus Danorum"	"Leges ecclesiasticae"	1036
"138_GeSMeSu_PrInViS"	"Gerardus S. Medardi Suessionensis"	"Prologus in vitam S. Romani"	940
"138_GeSMeSu_ViSRo"	"Gerardus S. Medardi Suessionensis"	"Vita S. Romani"	4514
"138_HowDha_LegEcc4"	"Howel Dha"	"Leges ecclesiasticae"	3719
"138_LamFra_AcCoRa"	"Lambertus Francorum"	"Acta conventus Ravennatis"	1581
"138_LotIi_SaDeThR"	"Lotharius II"	"Sacramentum de Theotberga recipienda"	355
"138_LuIiGe_CapDiv"	"Ludovicus II Germaniae"	"Capitula diversa"	2369
"138_LuIiGe_CapEcc"	"Ludovicus II Germaniae"	"Capitula ecclesiastica"	1851
"138_LuIiGe_CapExc"	"Ludovicus II Germaniae"	"Capitula excerpta"	1325
"138_LuIiGe_CapIi"	"Ludovicus II Germaniae"	"Capitula II"	70
"138_LuIiGe_CoDeExB"	"Ludovicus II Germaniae"	"Constitutio de exercitu Beneventum promovendo"	960
"138_LuIiGe_Consti4"	"Ludovicus II Germaniae"	"Constitutiones"	812
"138_LuIiIt_Capitu16"	"Ludovicus II Italiae"	"Capitulum"	69
"138_OtIOtIi_Edictu3"	"Otto I; Otto II"	"Edictum"	624
"138_OttIii_ConTic"	"Otto III"	"Constitutio Ticinensis"	424
"138_OttIii_Edictu4"	"Otto III"	"Edictum"	194
"138_OttIi_PaCuVe"	"Otto II"	"Pax cum Venetis"	417
"138_OttI_AcCoAu"	"Otto I"	"Acta conventus Augustani"	802
"138_OttI_AcCoPa"	"Otto I"	"Acta conventus Papiensis"	57
"138_OttI_AcSyIn"	"Otto I"	"Acta synodi Ingelheimensis"	4501
"138_OttI_AcSyRo"	"Otto I"	"Acta synodi Romanae"	1008
"138_OttI_ConFra"	"Otto I"	"Constitutio Francofurtana"	152
"138_OttI_CorRom"	"Otto I"	"Coronatio Romana"	477
"138_OttI_MaDeInA"	"Otto I"	"Mandatum de inthronizatione archiepiscopi Magdeburgensis"	470
"138_OttI_PaCuJoX"	"Otto I"	"Pactum cum Johanne XII"	2583
"138_PreNor_LeAdMoC"	"Presbyteres Northumbrenium"	"Leges ad mores corrigendos"	1724
"138_RiSRe_Histor3"	"Richerus S. Remigii"	"Historiae"	62661
"138_Terald_EpAdGu"	"Teraldus"	"Epistola ad Guidonem"	445
"138_WidFra_Leges"	"Wido Francorum"	"Leges"	949
"139_AbbFlo_ApAdHuE"	"Abbo Floriacensis"	"Apologeticus ad Hugonem et Rodbertum reges Francorum"	4598
"139_AbbFlo_CarAcr2"	"Abbo Floriacensis"	"Carmen acrostichum"	247
"139_AbbFlo_Episto223"	"Abbo Floriacensis"	"Epistolae"	18536
"139_AbbFlo_ExDeViR"	"Abbo Floriacensis"	"Excerptum de vitis Romanorum pontificum"	15671
"139_AbbFlo_PrCoInC"	"Abbo Floriacensis"	"Praefatio commentarii in cyclum Victorii"	533
"139_AbbFlo_QuaGra"	"Abbo Floriacensis"	"Quaestiones grammaticales"	5771
"139_AbbFlo_ViSEa"	"Abbo Floriacensis"	"Vita S. Eadmundi"	5592
"139_AbFlHuF_Canone5"	"Abbo Floriacensis; Hugo Francorum; Robertus Francorum"	"Canones"	13451
"139_AelCan_CaAdWu"	"Aelfricus Cantuariensis"	"Canones ad Wulfinum"	2512
"139_AimFlo_DeMiSBe"	"Aimoinus Floriacensis"	"De miraculis S. Benedicti"	20153
"139_AimFlo_HisFra2"	"Aimoinus Floriacensis"	"Historia Francorum"	79912
"139_AimFlo_MiSAb"	"Aimoinus Floriacensis"	"Miracula S. Abbonis"	570
"139_AimFlo_SeInFeS3"	"Aimoinus Floriacensis"	"Sermo in festivitatibus S. Benedicti"	7853
"139_AimFlo_ViSAb2"	"Aimoinus Floriacensis"	"Vita S. Abbonis"	11748
"139_AlbMic_Charta8"	"Albertus Miciacensis"	"Charta"	190
"139_ArnHal_EpAdHeH"	"Arnoldus Halberstatensis"	"Epistola ad Henricum Herbipolensem"	2089
"139_ArnRem_AnInPr"	"Arnulfus Remensis"	"Anathema in praedones"	192
"139_ArnRem_Common5"	"Arnulfus Remensis"	"Commonitorium"	174
"139_ArnRem_Jurame4"	"Arnulfus Remensis"	"Juramentum"	163
"139_ArnRem_LibAbd"	"Arnulfus Remensis"	"Libellus abdicationis"	175
"139_ArnRem_Privil15"	"Arnulfus Remensis"	"Privilegia"	1418
"139_AucInc_AnnFlo"	"Auctor incertus"	"Annales Floriacenses"	831
"139_AucVar_EpiTeg"	"Auctores varii"	"Epistolae Tegernseensium"	396
"139_AucVar_TeVeEtR"	"Auctores varii"	"Testimonia veterum et recentiorum"	429
"139_Beda_PrDeCyP"	"Beda"	"Praefatio de cyclo Paschali"	373
"139_BenVii_EpEtDe27"	"Benedictus VIII"	"Epistolae et decreta"	26039
"139_BeSAn_Chroni22"	"Benedictus S. Andreae"	"Chronicon"	1489
"139_BeSAn_DeImPoI"	"Benedictus S. Andreae"	"De imperatoria potestate in urbe Roma"	2454
"139_BriRam_ViSDu2"	"Bridfertus Ramesiensis"	"Vita S. Dunstani"	12948
"139_BruLin_Charta9"	"Bruno Lingonensis"	"Charta"	355
"139_BruLin_EpAdClL"	"Bruno Lingonensis"	"Epistola ad clericos Lingonenses"	208
"139_BruLin_EpAdHe5"	"Bruno Lingonensis"	"Epistola ad Heldricum"	75
"139_CoCaAuI_Acta13"	"Concilium Causeiense; Auctor incertus (Gerbertus Auriliacensis?)"	"Acta"	192
"139_CoMoAuI_Acta12"	"Concilium Mosomense; Auctor incertus (Gerbertus Auriliacensis?)"	"Acta"	487
"139_ConRav_Acta9"	"Concilium Ravennatense"	"Acta"	599
"139_ConRem_SeECoRe"	"Concilium Remense"	"Selecta e concilio Remensi"	185
"139_ConRom_Acta10"	"Concilium Romanum"	"Acta"	558
"139_CoReAuI_Acta11"	"Concilium Remense; Auctor incertus (Gerbertus Auriliacensis?)"	"Acta"	23066
"139_CoSSy_ViSAdIi"	"Constantinus S. Symphoriani"	"Vita S. Adalberonis II Metensis"	10163
"139_EpDiRe_AcDeLeD"	"Episcopi dioeceseos Remorum"	"Acte de l'election de Gerbert"	332
"139_EpDiRe_AcElAr"	"Episcopi dioeceseos Remorum"	"Acta electionis Arnulfi"	316
"139_GerAur_AliEpi"	"Gerbertus Auriliacensis"	"Aliae epistolae"	9337
"139_GerAur_DeCaDiA"	"Gerbertus Auriliacensis"	"De causa diversitatis arearum in trigono aequilatero"	433
"139_GerAur_DeCoEtS5"	"Gerbertus Auriliacensis"	"De corpore et sanguine Domini"	4991
"139_GerAur_DeGeo"	"Gerbertus Auriliacensis"	"De geometria"	20898
"139_GerAur_DeNuDi"	"Gerbertus Auriliacensis"	"De numerorum divisione"	1956
"139_GerAur_DeRaEtR"	"Gerbertus Auriliacensis"	"De rationali et ratione uti"	4553
"139_GerAur_DeSpCo"	"Gerbertus Auriliacensis"	"De sphaerae constructione"	623
"139_GerAur_EpScAnS"	"Gerbertus Auriliacensis"	"Epistolae scriptae ante summum pontificatum"	18373
"139_GerAur_ExECoMo"	"Gerbertus Auriliacensis"	"Excerpta e concilio Mosomensi"	1435
"139_GerAur_PrDeFo"	"Gerbertus Auriliacensis"	"Profession de foi"	308
"139_GerAur_SeDeInE"	"Gerbertus Auriliacensis"	"Sermo de informatione episcoporum"	3758
"139_GerAur_SuAdEp"	"Gerbertus Auriliacensis"	"Supplementum ad epistolas"	1535
"139_GozTeg_EpiAli"	"Gozpertus Tegernseensis"	"Epistolae aliae"	318
"139_GozTeg_Episto222"	"Gozpertus Tegernseensis"	"Epistolae"	2694
"139_HeLoAnL_GeEpTuT"	"Heregerius Lobiensis; Anselmus Leodiensis"	"Gesta episcoporum Tungrensium, Trajectensium, et Leodensium"	34734
"139_HenPar_SeDePaD"	"Henricus Parmensis"	"Sermo de Paschate Domini"	1004
"139_HerLob_EpAdHuM"	"Heregerius Lobiensis"	"Epistola ad Hugonem monachum"	2979
"139_HerLob_ViSBe3"	"Heregerius Lobiensis"	"Vita S. Berlendis"	2617
"139_HerLob_ViSLa2"	"Heregerius Lobiensis"	"Vita S. Landoaldi"	5452
"139_HerLob_ViSUr2"	"Heregerius Lobiensis"	"Vita S. Ursmari"	1104
"139_JoaVen_ChVeEtG"	"Joannes Venetus"	"Chronicon Venetum et Grandense"	29723
"139_JoaXvi_EpEtDi3"	"Joannes XVIII"	"Epistolae et diplomata"	6294
"139_LeAbEtL_EpAdHuE"	"Leo abbas et legatus"	"Epistola ad Hugonem et Robertum reges"	2451
"139_MonFlo_EpEnDeC"	"Monachi Floriacensium"	"Epistola encyclica de caede Abbonis"	162
"139_NotLeo_ViSHa2"	"Notgerus Leodiensis"	"Vita S. Hadalini"	2654
"139_NotLeo_ViSRe4"	"Notgerus Leodiensis"	"Vita S. Remacli"	9389
"139_PetCla_Jurame3"	"Petrus Classensi"	"Juramentum"	525
"139_PurAug_CaDeGeW"	"Purchardus Augiensis"	"Carmen de gestis Witigowonis"	5221
"139_RorMoi_GeFrAdO"	"Rorico Moissiacensis"	"Gesta Francorum ad obitum Clodovei I"	1239
"139_SerIv_EpEtDi4"	"Sergius IV"	"Epistolae et diplomata"	13503
"139_SylIi_CarI"	"Sylvester II"	"Carmina I"	286
"139_SylIi_EpEtDeP"	"Sylvester II"	"Epistola et decreta pontificia"	6918
"139_ThiMer_Chroni23"	"Thietmarus Merseburgensis"	"Chronicon"	84214
"139_ThiTeg_EpAdSAd"	"Thietpaldus Tegernseensis"	"Epistola ad S. Adelbertum"	257
